INSERT INTO processes(process_definition_key, bpmn_process_id, version, deployment_time)
VALUES(209384, 'money-loan', 1, '2023-11-27T01:00:00Z');

INSERT INTO bpmn_resources(process_definition_key, bpmn_file)
VALUES(209384, 'PD94bWwgdmVyc2lvbj0iMS4wIiBlbmNvZGluZz0iVVRGLTgiPz4KPGJwbW46ZGVmaW5pdGlvbnMgeG1sbnM6YnBtbj0iaHR0cDovL3d3dy5vbWcub3JnL3NwZWMvQlBNTi8yMDEwMDUyNC9NT0RFTCIgeG1sbnM6YnBtbmRpPSJodHRwOi8vd3d3Lm9tZy5vcmcvc3BlYy9CUE1OLzIwMTAwNTI0L0RJIiB4bWxuczpkYz0iaHR0cDovL3d3dy5vbWcub3JnL3NwZWMvREQvMjAxMDA1MjQvREMiIHhtbG5zOnhzaT0iaHR0cDovL3d3dy53My5vcmcvMjAwMS9YTUxTY2hlbWEtaW5zdGFuY2UiIHhtbG5zOmRpPSJodHRwOi8vd3d3Lm9tZy5vcmcvc3BlYy9ERC8yMDEwMDUyNC9ESSIgeG1sbnM6emVlYmU9Imh0dHA6Ly9jYW11bmRhLm9yZy9zY2hlbWEvemVlYmUvMS4wIiB4bWxuczptb2RlbGVyPSJodHRwOi8vY2FtdW5kYS5vcmcvc2NoZW1hL21vZGVsZXIvMS4wIiBpZD0iRGVmaW5pdGlvbnNfMGhtdnZqMCIgdGFyZ2V0TmFtZXNwYWNlPSJodHRwOi8vYnBtbi5pby9zY2hlbWEvYnBtbiIgZXhwb3J0ZXI9IkNhbXVuZGEgTW9kZWxlciIgZXhwb3J0ZXJWZXJzaW9uPSI1LjEzLjAiIG1vZGVsZXI6ZXhlY3V0aW9uUGxhdGZvcm09IkNhbXVuZGEgQ2xvdWQiIG1vZGVsZXI6ZXhlY3V0aW9uUGxhdGZvcm1WZXJzaW9uPSI4LjIuMCI+CiAgPGJwbW46cHJvY2VzcyBpZD0ibW9uZXktbG9hbiIgaXNFeGVjdXRhYmxlPSJ0cnVlIj4KICAgIDxicG1uOnN0YXJ0RXZlbnQgaWQ9IlN0YXJ0RXZlbnRfMSIgbmFtZT0iTmVlZGVkIHRvIGxvYW4gbW9uZXkiPgogICAgICA8YnBtbjpvdXRnb2luZz5GbG93XzAzZWkxYjQ8L2JwbW46b3V0Z29pbmc+CiAgICA8L2JwbW46c3RhcnRFdmVudD4KICAgIDxicG1uOmV4Y2x1c2l2ZUdhdGV3YXkgaWQ9IkdhdGV3YXlfMHd2ZW8wYiIgbmFtZT0iQ2hlY2sgY3JlZGl0IiBkZWZhdWx0PSJGbG93XzBrd2s2Y2giPgogICAgICA8YnBtbjppbmNvbWluZz5GbG93XzAzZWkxYjQ8L2JwbW46aW5jb21pbmc+CiAgICAgIDxicG1uOm91dGdvaW5nPkZsb3dfMGt3azZjaDwvYnBtbjpvdXRnb2luZz4KICAgICAgPGJwbW46b3V0Z29pbmc+Rmxvd18xc3czZ3B0PC9icG1uOm91dGdvaW5nPgogICAgPC9icG1uOmV4Y2x1c2l2ZUdhdGV3YXk+CiAgICA8YnBtbjplbmRFdmVudCBpZD0iRXZlbnRfMTlmajN5OSIgbmFtZT0iRW5kIj4KICAgICAgPGJwbW46aW5jb21pbmc+Rmxvd18xZTB6NHZjPC9icG1uOmluY29taW5nPgogICAgICA8YnBtbjppbmNvbWluZz5GbG93XzAybGtkdjQ8L2JwbW46aW5jb21pbmc+CiAgICA8L2JwbW46ZW5kRXZlbnQ+CiAgICA8YnBtbjpzZXJ2aWNlVGFzayBpZD0ic2VuZC1hY2NlcHRhbmNlLWxldHRlciIgbmFtZT0iU2VuZCBhY2NlcHRhbmNlIGxldHRlciI+CiAgICAgIDxicG1uOmV4dGVuc2lvbkVsZW1lbnRzPgogICAgICAgIDx6ZWViZTp0YXNrRGVmaW5pdGlvbiB0eXBlPSJzZW5kLWFjY2VwdGFuY2UtbGV0dGVyIiAvPgogICAgICA8L2JwbW46ZXh0ZW5zaW9uRWxlbWVudHM+CiAgICAgIDxicG1uOmluY29taW5nPkZsb3dfMGt3azZjaDwvYnBtbjppbmNvbWluZz4KICAgICAgPGJwbW46b3V0Z29pbmc+Rmxvd18xYnR3M3JuPC9icG1uOm91dGdvaW5nPgogICAgPC9icG1uOnNlcnZpY2VUYXNrPgogICAgPGJwbW46c2VydmljZVRhc2sgaWQ9InRyYW5zZmVyLW1vbmV5IiBuYW1lPSJUcmFuc2ZlciBtb25leSI+CiAgICAgIDxicG1uOmV4dGVuc2lvbkVsZW1lbnRzPgogICAgICAgIDx6ZWViZTp0YXNrRGVmaW5pdGlvbiB0eXBlPSJ0cmFuc2Zlci1tb25leSIgLz4KICAgICAgPC9icG1uOmV4dGVuc2lvbkVsZW1lbnRzPgogICAgICA8YnBtbjppbmNvbWluZz5GbG93XzFidHczcm48L2JwbW46aW5jb21pbmc+CiAgICAgIDxicG1uOm91dGdvaW5nPkZsb3dfMWUwejR2YzwvYnBtbjpvdXRnb2luZz4KICAgIDwvYnBtbjpzZXJ2aWNlVGFzaz4KICAgIDxicG1uOnNlcnZpY2VUYXNrIGlkPSJzZW5kLXJlamVjdGlvbi1sZXR0ZXIiIG5hbWU9IlNlbmQgcmVqZWN0aW9uIGxldHRlciI+CiAgICAgIDxicG1uOmV4dGVuc2lvbkVsZW1lbnRzPgogICAgICAgIDx6ZWViZTp0YXNrRGVmaW5pdGlvbiB0eXBlPSJzZW5kLXJlamVjdGlvbi1sZXR0ZXIiIC8+CiAgICAgIDwvYnBtbjpleHRlbnNpb25FbGVtZW50cz4KICAgICAgPGJwbW46aW5jb21pbmc+Rmxvd18xc3czZ3B0PC9icG1uOmluY29taW5nPgogICAgICA8YnBtbjppbmNvbWluZz5GbG93XzExNnU3YmI8L2JwbW46aW5jb21pbmc+CiAgICAgIDxicG1uOm91dGdvaW5nPkZsb3dfMXRkMnN3MTwvYnBtbjpvdXRnb2luZz4KICAgIDwvYnBtbjpzZXJ2aWNlVGFzaz4KICAgIDxicG1uOmV4Y2x1c2l2ZUdhdGV3YXkgaWQ9IkdhdGV3YXlfMDdqbGM5ayIgbmFtZT0iQ3VzdG9tZXIgcmVjZWl2ZSBsZXR0ZXI/IiBkZWZhdWx0PSJGbG93XzFtNjE4OTgiPgogICAgICA8YnBtbjppbmNvbWluZz5GbG93XzF0ZDJzdzE8L2JwbW46aW5jb21pbmc+CiAgICAgIDxicG1uOm91dGdvaW5nPkZsb3dfMDJsa2R2NDwvYnBtbjpvdXRnb2luZz4KICAgICAgPGJwbW46b3V0Z29pbmc+Rmxvd18xbTYxODk4PC9icG1uOm91dGdvaW5nPgogICAgPC9icG1uOmV4Y2x1c2l2ZUdhdGV3YXk+CiAgICA8YnBtbjppbnRlcm1lZGlhdGVDYXRjaEV2ZW50IGlkPSJFdmVudF8wOXZldzRtIiBuYW1lPSJXYWl0IDIgbWludXRlcyI+CiAgICAgIDxicG1uOmluY29taW5nPkZsb3dfMW02MTg5ODwvYnBtbjppbmNvbWluZz4KICAgICAgPGJwbW46b3V0Z29pbmc+Rmxvd18xMTZ1N2JiPC9icG1uOm91dGdvaW5nPgogICAgICA8YnBtbjp0aW1lckV2ZW50RGVmaW5pdGlvbiBpZD0iVGltZXJFdmVudERlZmluaXRpb25fMWsyeTNjZCI+CiAgICAgICAgPGJwbW46dGltZUR1cmF0aW9uIHhzaTp0eXBlPSJicG1uOnRGb3JtYWxFeHByZXNzaW9uIj5QVDEyMFM8L2JwbW46dGltZUR1cmF0aW9uPgogICAgICA8L2JwbW46dGltZXJFdmVudERlZmluaXRpb24+CiAgICA8L2JwbW46aW50ZXJtZWRpYXRlQ2F0Y2hFdmVudD4KICAgIDxicG1uOnNlcXVlbmNlRmxvdyBpZD0iRmxvd18wM2VpMWI0IiBzb3VyY2VSZWY9IlN0YXJ0RXZlbnRfMSIgdGFyZ2V0UmVmPSJHYXRld2F5XzB3dmVvMGIiIC8+CiAgICA8YnBtbjpzZXF1ZW5jZUZsb3cgaWQ9IkZsb3dfMGt3azZjaCIgc291cmNlUmVmPSJHYXRld2F5XzB3dmVvMGIiIHRhcmdldFJlZj0ic2VuZC1hY2NlcHRhbmNlLWxldHRlciIgLz4KICAgIDxicG1uOnNlcXVlbmNlRmxvdyBpZD0iRmxvd18xc3czZ3B0IiBzb3VyY2VSZWY9IkdhdGV3YXlfMHd2ZW8wYiIgdGFyZ2V0UmVmPSJzZW5kLXJlamVjdGlvbi1sZXR0ZXIiPgogICAgICA8YnBtbjpjb25kaXRpb25FeHByZXNzaW9uIHhzaTp0eXBlPSJicG1uOnRGb3JtYWxFeHByZXNzaW9uIj49ZGVidCAmZ3Q7IDEwMDA8L2JwbW46Y29uZGl0aW9uRXhwcmVzc2lvbj4KICAgIDwvYnBtbjpzZXF1ZW5jZUZsb3c+CiAgICA8YnBtbjpzZXF1ZW5jZUZsb3cgaWQ9IkZsb3dfMWUwejR2YyIgc291cmNlUmVmPSJ0cmFuc2Zlci1tb25leSIgdGFyZ2V0UmVmPSJFdmVudF8xOWZqM3k5IiAvPgogICAgPGJwbW46c2VxdWVuY2VGbG93IGlkPSJGbG93XzAybGtkdjQiIHNvdXJjZVJlZj0iR2F0ZXdheV8wN2psYzlrIiB0YXJnZXRSZWY9IkV2ZW50XzE5ZmozeTkiPgogICAgICA8YnBtbjpjb25kaXRpb25FeHByZXNzaW9uIHhzaTp0eXBlPSJicG1uOnRGb3JtYWxFeHByZXNzaW9uIj49cmVjZWl2ZWQgPSB0cnVlPC9icG1uOmNvbmRpdGlvbkV4cHJlc3Npb24+CiAgICA8L2JwbW46c2VxdWVuY2VGbG93PgogICAgPGJwbW46c2VxdWVuY2VGbG93IGlkPSJGbG93XzFidHczcm4iIHNvdXJjZVJlZj0ic2VuZC1hY2NlcHRhbmNlLWxldHRlciIgdGFyZ2V0UmVmPSJ0cmFuc2Zlci1tb25leSIgLz4KICAgIDxicG1uOnNlcXVlbmNlRmxvdyBpZD0iRmxvd18xMTZ1N2JiIiBzb3VyY2VSZWY9IkV2ZW50XzA5dmV3NG0iIHRhcmdldFJlZj0ic2VuZC1yZWplY3Rpb24tbGV0dGVyIiAvPgogICAgPGJwbW46c2VxdWVuY2VGbG93IGlkPSJGbG93XzFtNjE4OTgiIHNvdXJjZVJlZj0iR2F0ZXdheV8wN2psYzlrIiB0YXJnZXRSZWY9IkV2ZW50XzA5dmV3NG0iIC8+CiAgICA8YnBtbjpzZXF1ZW5jZUZsb3cgaWQ9IkZsb3dfMXRkMnN3MSIgc291cmNlUmVmPSJzZW5kLXJlamVjdGlvbi1sZXR0ZXIiIHRhcmdldFJlZj0iR2F0ZXdheV8wN2psYzlrIiAvPgogIDwvYnBtbjpwcm9jZXNzPgogIDxicG1uZGk6QlBNTkRpYWdyYW0gaWQ9IkJQTU5EaWFncmFtXzEiPgogICAgPGJwbW5kaTpCUE1OUGxhbmUgaWQ9IkJQTU5QbGFuZV8xIiBicG1uRWxlbWVudD0ibW9uZXktbG9hbiI+CiAgICAgIDxicG1uZGk6QlBNTlNoYXBlIGlkPSJCUE1OU2hhcGVfMHNrbHlyciIgYnBtbkVsZW1lbnQ9IlN0YXJ0RXZlbnRfMSI+CiAgICAgICAgPGRjOkJvdW5kcyB4PSIxNzIiIHk9IjE4MiIgd2lkdGg9IjM2IiBoZWlnaHQ9IjM2IiAvPgogICAgICAgIDxicG1uZGk6QlBNTkxhYmVsPgogICAgICAgICAgPGRjOkJvdW5kcyB4PSIxNTMiIHk9IjIyNSIgd2lkdGg9Ijc1IiBoZWlnaHQ9IjI3IiAvPgogICAgICAgIDwvYnBtbmRpOkJQTU5MYWJlbD4KICAgICAgPC9icG1uZGk6QlBNTlNoYXBlPgogICAgICA8YnBtbmRpOkJQTU5TaGFwZSBpZD0iQlBNTlNoYXBlXzAydmthbXgiIGJwbW5FbGVtZW50PSJHYXRld2F5XzB3dmVvMGIiIGlzTWFya2VyVmlzaWJsZT0idHJ1ZSI+CiAgICAgICAgPGRjOkJvdW5kcyB4PSIyOTUiIHk9IjE3NSIgd2lkdGg9IjUwIiBoZWlnaHQ9IjUwIiAvPgogICAgICAgIDxicG1uZGk6QlBNTkxhYmVsPgogICAgICAgICAgPGRjOkJvdW5kcyB4PSIzNTUiIHk9IjE5MyIgd2lkdGg9IjYyIiBoZWlnaHQ9IjE0IiAvPgogICAgICAgIDwvYnBtbmRpOkJQTU5MYWJlbD4KICAgICAgPC9icG1uZGk6QlBNTlNoYXBlPgogICAgICA8YnBtbmRpOkJQTU5TaGFwZSBpZD0iQlBNTlNoYXBlXzBtYTIwbzAiIGJwbW5FbGVtZW50PSJFdmVudF8xOWZqM3k5Ij4KICAgICAgICA8ZGM6Qm91bmRzIHg9Ijg5MiIgeT0iMTgyIiB3aWR0aD0iMzYiIGhlaWdodD0iMzYiIC8+CiAgICAgICAgPGJwbW5kaTpCUE1OTGFiZWw+CiAgICAgICAgICA8ZGM6Qm91bmRzIHg9Ijg2MiIgeT0iMTkzIiB3aWR0aD0iMjAiIGhlaWdodD0iMTQiIC8+CiAgICAgICAgPC9icG1uZGk6QlBNTkxhYmVsPgogICAgICA8L2JwbW5kaTpCUE1OU2hhcGU+CiAgICAgIDxicG1uZGk6QlBNTlNoYXBlIGlkPSJCUE1OU2hhcGVfMHZtZ3l5diIgYnBtbkVsZW1lbnQ9InNlbmQtYWNjZXB0YW5jZS1sZXR0ZXIiPgogICAgICAgIDxkYzpCb3VuZHMgeD0iNDUwIiB5PSI4MCIgd2lkdGg9IjEwMCIgaGVpZ2h0PSI4MCIgLz4KICAgICAgPC9icG1uZGk6QlBNTlNoYXBlPgogICAgICA8YnBtbmRpOkJQTU5TaGFwZSBpZD0iQlBNTlNoYXBlXzFhajIyYTciIGJwbW5FbGVtZW50PSJ0cmFuc2Zlci1tb25leSI+CiAgICAgICAgPGRjOkJvdW5kcyB4PSI2NjAiIHk9IjgwIiB3aWR0aD0iMTAwIiBoZWlnaHQ9IjgwIiAvPgogICAgICA8L2JwbW5kaTpCUE1OU2hhcGU+CiAgICAgIDxicG1uZGk6QlBNTlNoYXBlIGlkPSJCUE1OU2hhcGVfMTBndzM0NyIgYnBtbkVsZW1lbnQ9InNlbmQtcmVqZWN0aW9uLWxldHRlciI+CiAgICAgICAgPGRjOkJvdW5kcyB4PSI0NDAiIHk9IjI1MCIgd2lkdGg9IjEwMCIgaGVpZ2h0PSI4MCIgLz4KICAgICAgPC9icG1uZGk6QlBNTlNoYXBlPgogICAgICA8YnBtbmRpOkJQTU5TaGFwZSBpZD0iQlBNTlNoYXBlXzBrMW42aGYiIGJwbW5FbGVtZW50PSJFdmVudF8wOXZldzRtIj4KICAgICAgICA8ZGM6Qm91bmRzIHg9IjYxMiIgeT0iMzgyIiB3aWR0aD0iMzYiIGhlaWdodD0iMzYiIC8+CiAgICAgICAgPGJwbW5kaTpCUE1OTGFiZWw+CiAgICAgICAgICA8ZGM6Qm91bmRzIHg9IjU5NCIgeT0iNDI1IiB3aWR0aD0iNzMiIGhlaWdodD0iMTQiIC8+CiAgICAgICAgPC9icG1uZGk6QlBNTkxhYmVsPgogICAgICA8L2JwbW5kaTpCUE1OU2hhcGU+CiAgICAgIDxicG1uZGk6QlBNTlNoYXBlIGlkPSJCUE1OU2hhcGVfMGRzbWxjMSIgYnBtbkVsZW1lbnQ9IkdhdGV3YXlfMDdqbGM5ayIgaXNNYXJrZXJWaXNpYmxlPSJ0cnVlIj4KICAgICAgICA8ZGM6Qm91bmRzIHg9Ijc1NSIgeT0iMjY1IiB3aWR0aD0iNTAiIGhlaWdodD0iNTAiIC8+CiAgICAgICAgPGJwbW5kaTpCUE1OTGFiZWw+CiAgICAgICAgICA8ZGM6Qm91bmRzIHg9IjczNyIgeT0iMjM1IiB3aWR0aD0iODciIGhlaWdodD0iMjciIC8+CiAgICAgICAgPC9icG1uZGk6QlBNTkxhYmVsPgogICAgICA8L2JwbW5kaTpCUE1OU2hhcGU+CiAgICAgIDxicG1uZGk6QlBNTkVkZ2UgaWQ9IkJQTU5FZGdlXzBsbzNxY2EiIGJwbW5FbGVtZW50PSJGbG93XzAzZWkxYjQiPgogICAgICAgIDxkaTp3YXlwb2ludCB4PSIyMDgiIHk9IjIwMCIgLz4KICAgICAgICA8ZGk6d2F5cG9pbnQgeD0iMjk1IiB5PSIyMDAiIC8+CiAgICAgIDwvYnBtbmRpOkJQTU5FZGdlPgogICAgICA8YnBtbmRpOkJQTU5FZGdlIGlkPSJCUE1ORWRnZV8wZDBpemE0IiBicG1uRWxlbWVudD0iRmxvd18wa3drNmNoIj4KICAgICAgICA8ZGk6d2F5cG9pbnQgeD0iMzIwIiB5PSIxNzUiIC8+CiAgICAgICAgPGRpOndheXBvaW50IHg9IjMyMCIgeT0iMTIwIiAvPgogICAgICAgIDxkaTp3YXlwb2ludCB4PSI0NTAiIHk9IjEyMCIgLz4KICAgICAgPC9icG1uZGk6QlBNTkVkZ2U+CiAgICAgIDxicG1uZGk6QlBNTkVkZ2UgaWQ9IkJQTU5FZGdlXzF2YTN3MDgiIGJwbW5FbGVtZW50PSJGbG93XzFzdzNncHQiPgogICAgICAgIDxkaTp3YXlwb2ludCB4PSIzMjAiIHk9IjIyNSIgLz4KICAgICAgICA8ZGk6d2F5cG9pbnQgeD0iMzIwIiB5PSIyOTAiIC8+CiAgICAgICAgPGRpOndheXBvaW50IHg9IjQ0MCIgeT0iMjkwIiAvPgogICAgICA8L2JwbW5kaTpCUE1ORWRnZT4KICAgICAgPGJwbW5kaTpCUE1ORWRnZSBpZD0iQlBNTkVkZ2VfMGEycjNzOSIgYnBtbkVsZW1lbnQ9IkZsb3dfMWUwejR2YyI+CiAgICAgICAgPGRpOndheXBvaW50IHg9Ijc2MCIgeT0iMTIwIiAvPgogICAgICAgIDxkaTp3YXlwb2ludCB4PSI5MTAiIHk9IjEyMCIgLz4KICAgICAgICA8ZGk6d2F5cG9pbnQgeD0iOTEwIiB5PSIxODIiIC8+CiAgICAgIDwvYnBtbmRpOkJQTU5FZGdlPgogICAgICA8YnBtbmRpOkJQTU5FZGdlIGlkPSJCUE1ORWRnZV8xeW93MHAyIiBicG1uRWxlbWVudD0iRmxvd18wMmxrZHY0Ij4KICAgICAgICA8ZGk6d2F5cG9pbnQgeD0iODA1IiB5PSIyOTAiIC8+CiAgICAgICAgPGRpOndheXBvaW50IHg9IjkxMCIgeT0iMjkwIiAvPgogICAgICAgIDxkaTp3YXlwb2ludCB4PSI5MTAiIHk9IjIxOCIgLz4KICAgICAgPC9icG1uZGk6QlBNTkVkZ2U+CiAgICAgIDxicG1uZGk6QlBNTkVkZ2UgaWQ9IkJQTU5FZGdlXzFyNXh1ODEiIGJwbW5FbGVtZW50PSJGbG93XzFidHczcm4iPgogICAgICAgIDxkaTp3YXlwb2ludCB4PSI1NTAiIHk9IjEyMCIgLz4KICAgICAgICA8ZGk6d2F5cG9pbnQgeD0iNjYwIiB5PSIxMjAiIC8+CiAgICAgIDwvYnBtbmRpOkJQTU5FZGdlPgogICAgICA8YnBtbmRpOkJQTU5FZGdlIGlkPSJCUE1ORWRnZV8waHM2bmh5IiBicG1uRWxlbWVudD0iRmxvd18xMTZ1N2JiIj4KICAgICAgICA8ZGk6d2F5cG9pbnQgeD0iNjEyIiB5PSI0MDAiIC8+CiAgICAgICAgPGRpOndheXBvaW50IHg9IjQ5MCIgeT0iNDAwIiAvPgogICAgICAgIDxkaTp3YXlwb2ludCB4PSI0OTAiIHk9IjMzMCIgLz4KICAgICAgPC9icG1uZGk6QlBNTkVkZ2U+CiAgICAgIDxicG1uZGk6QlBNTkVkZ2UgaWQ9IkJQTU5FZGdlXzE2MWJnamQiIGJwbW5FbGVtZW50PSJGbG93XzFtNjE4OTgiPgogICAgICAgIDxkaTp3YXlwb2ludCB4PSI3ODAiIHk9IjMxNSIgLz4KICAgICAgICA8ZGk6d2F5cG9pbnQgeD0iNzgwIiB5PSI0MDAiIC8+CiAgICAgICAgPGRpOndheXBvaW50IHg9IjY0OCIgeT0iNDAwIiAvPgogICAgICA8L2JwbW5kaTpCUE1ORWRnZT4KICAgICAgPGJwbW5kaTpCUE1ORWRnZSBpZD0iRmxvd18xdGQyc3cxX2RpIiBicG1uRWxlbWVudD0iRmxvd18xdGQyc3cxIj4KICAgICAgICA8ZGk6d2F5cG9pbnQgeD0iNTQwIiB5PSIyOTAiIC8+CiAgICAgICAgPGRpOndheXBvaW50IHg9Ijc1NSIgeT0iMjkwIiAvPgogICAgICA8L2JwbW5kaTpCUE1ORWRnZT4KICAgIDwvYnBtbmRpOkJQTU5QbGFuZT4KICA8L2JwbW5kaTpCUE1ORGlhZ3JhbT4KPC9icG1uOmRlZmluaXRpb25zPgo=');

INSERT INTO instances(process_instance_key, process_definition_key, version, status, start_time)
VALUES(11, 209384, 1, 'ACTIVE', '2023-11-27T02:00:00Z');
INSERT INTO instances(process_instance_key, process_definition_key, version, status, start_time, end_time)
VALUES(12, 209384, 2, 'COMPLETED', '2023-11-27T02:05:00Z', '2023-11-27T03:00:00Z');
INSERT INTO instances(process_instance_key, process_definition_key, version, status, start_time, end_time)
VALUES(13, 209384, 3, 'COMPLETED', '2023-11-27T02:40:00Z', '2023-11-27T02:42:00Z');

INSERT INTO variables(process_instance_key, name, value, time)
VALUES(11, 'a', '1', '2023-11-27T02:05:00Z');
INSERT INTO variables(process_instance_key, name, value, time)
VALUES(11, 'b', '2', '2023-11-27T02:22:00Z');

INSERT INTO incidents(process_instance_key, element_id, key, error_type, error_message, state, time)
VALUES(11, 'some-element-1', 100, 'ERROR', 'panic: runtime error: index out of range [4] with length 4

goroutine 1 [running]:
main.validateInput(0xc00001e1e0, 0x4, 0x4, 0x0, 0x0)
    /path/to/validate.go:29 +0x1a2
main.processData(0xc00001e1e0, 0x4, 0x4, 0x0)
    /path/to/process.go:56 +0xef
main.aggregateData(0x1139ba0, 0xc000010030, 0x3, 0x3)
    /path/to/aggregate.go:42 +0x9c
main.loadData(0x1139ba0, 0x1185b40, 0x1)
    /path/to/load.go:37 +0x5a
main.setupEnvironment()
    /path/to/setup.go:24 +0x87
main.init.0()
    /path/to/main.go:18 +0x29
', 'OPEN', '2023-11-27T02:23:00Z');
INSERT INTO incidents(process_instance_key, element_id, key, error_type, error_message, state, time)
VALUES(11, 'some-element-2', 101, 'ERROR', 'Thing not work', 'RESOLVED', '2023-11-27T02:24:00Z');

INSERT INTO jobs(process_instance_key, element_id, key, type, retries, worker, state, time)
VALUES(11, 'some-element-1', 100, 'big-job', 4, 'big-boy-1', 'WORKING', '2023-11-27T02:23:00Z');
INSERT INTO jobs(process_instance_key, element_id, key, type, retries, worker, state, time)
VALUES(11, 'some-element-2', 101, 'big-job', 2, 'big-boy-1', 'WORKING', '2023-11-27T02:24:00Z');

INSERT INTO variables(process_instance_key, name, value, time)
VALUES(12, 'foo', 'bar', '2023-11-27T02:30:00Z');
INSERT INTO variables(process_instance_key, name, value, time)
VALUES(12, 'hello', 'world', '2023-11-27T02:32:00Z');
INSERT INTO variables(process_instance_key, name, value, time)
VALUES(12, 'x', '[{"id": 1,"value" : 10,"inCart": 10,"inStock": 20},{"id": 2,"value" : 20,"inCart": 2,"inStock": 10}]', '2023-11-27T02:32:30Z');

INSERT INTO jobs(process_instance_key, element_id, key, type, retries, worker, state, time)
VALUES(12, 'some-element-12', 200, 'small-job', 10, 'big-boy-1', 'WORKING', '2023-11-27T02:23:00Z');
INSERT INTO jobs(process_instance_key, element_id, key, type, retries, worker, state, time)
VALUES(12, 'some-element-22', 201, 'tiny-job', 2, 'big-boy-1', 'WORKING', '2023-11-27T02:24:00Z');

INSERT INTO incidents(process_instance_key, element_id, key, error_type, error_message, state, time)
VALUES(12, 'some-element-3', 102, 'ERROR', 'panic: runtime error: invalid memory address or nil pointer dereference
[signal SIGSEGV: segmentation violation code=0x1 addr=0x0 pc=0x10d3c7b]

goroutine 1 [running]:
main.computeStatistics(0x0)
    /path/to/statistics.go:87 +0x3b
main.validateInput(0x0)
    /path/to/validate.go:29 +0x1a2
main.preprocessData(0x0)
    /path/to/preprocess.go:73 +0xbf
main.processData(0x0)
    /path/to/process.go:56 +0xef
main.aggregateData(0x1139ba0, 0x0, 0x0, 0x0)
    /path/to/aggregate.go:42 +0x9c
main.loadData(0x1139ba0, 0x0)
    /path/to/load.go:37 +0x5a
main.setupEnvironment()
    /path/to/setup.go:24 +0x87
main.initConfig()
    /path/to/config.go:58 +0x104
main.checkDependencies()
    /path/to/dependencies.go:15 +0x79
main.initializeLogger()
    /path/to/logger.go:28 +0x45
main.connectToDatabase(0x113f2c0, 0x0)
    /path/to/database.go:19 +0x9f
main.verifyUserCredentials(0x0, 0x0)
    /path/to/authentication.go:34 +0x153
main.sessionStart(0x1138be0, 0x0, 0x0)
    /path/to/session.go:21 +0x8a
main.init.1()
    /path/to/main.go:26 +0x34
main.init.0()
    /path/to/main.go:18 +0x29
', 'OPEN', '2023-11-27T02:33:00Z');

--------------------------------------------------------------------------------------------------------------

INSERT INTO processes(process_definition_key, bpmn_process_id, version, deployment_time)
VALUES(823974, 'multi-instance-process', 1, '2023-11-27T05:00:00Z');

INSERT INTO bpmn_resources(process_definition_key, bpmn_file)
VALUES(823974, 'PD94bWwgdmVyc2lvbj0iMS4wIiBlbmNvZGluZz0iVVRGLTgiPz4KPGJwbW46ZGVmaW5pdGlvbnMgeG1sbnM6YnBtbj0iaHR0cDovL3d3dy5vbWcub3JnL3NwZWMvQlBNTi8yMDEwMDUyNC9NT0RFTCIgeG1sbnM6YnBtbmRpPSJodHRwOi8vd3d3Lm9tZy5vcmcvc3BlYy9CUE1OLzIwMTAwNTI0L0RJIiB4bWxuczpkYz0iaHR0cDovL3d3dy5vbWcub3JnL3NwZWMvREQvMjAxMDA1MjQvREMiIHhtbG5zOnhzaT0iaHR0cDovL3d3dy53My5vcmcvMjAwMS9YTUxTY2hlbWEtaW5zdGFuY2UiIHhtbG5zOmRpPSJodHRwOi8vd3d3Lm9tZy5vcmcvc3BlYy9ERC8yMDEwMDUyNC9ESSIgeG1sbnM6emVlYmU9Imh0dHA6Ly9jYW11bmRhLm9yZy9zY2hlbWEvemVlYmUvMS4wIiB4bWxuczptb2RlbGVyPSJodHRwOi8vY2FtdW5kYS5vcmcvc2NoZW1hL21vZGVsZXIvMS4wIiBpZD0iRGVmaW5pdGlvbnNfMHZ5cWNyMyIgdGFyZ2V0TmFtZXNwYWNlPSJodHRwOi8vYnBtbi5pby9zY2hlbWEvYnBtbiIgZXhwb3J0ZXI9IkNhbXVuZGEgTW9kZWxlciIgZXhwb3J0ZXJWZXJzaW9uPSI1LjEzLjAiIG1vZGVsZXI6ZXhlY3V0aW9uUGxhdGZvcm09IkNhbXVuZGEgQ2xvdWQiIG1vZGVsZXI6ZXhlY3V0aW9uUGxhdGZvcm1WZXJzaW9uPSI4LjIuMCI+CiAgPGJwbW46cHJvY2VzcyBpZD0ibXVsdGktaW5zdGFuY2UtcHJvY2VzcyIgbmFtZT0iTXVsdGkgSW5zdGFuY2UgUHJvY2VzcyIgaXNFeGVjdXRhYmxlPSJ0cnVlIj4KICAgIDxicG1uOmV4dGVuc2lvbkVsZW1lbnRzIC8+CiAgICA8YnBtbjpzdGFydEV2ZW50IGlkPSJvcmRlci1wbGFjZWQiIG5hbWU9Ik9yZGVyIHBsYWNlZCI+CiAgICAgIDxicG1uOm91dGdvaW5nPkZsb3dfMDJmYnZ1bjwvYnBtbjpvdXRnb2luZz4KICAgIDwvYnBtbjpzdGFydEV2ZW50PgogICAgPGJwbW46aW50ZXJtZWRpYXRlQ2F0Y2hFdmVudCBpZD0icGF5bWVudC1yZWNlaXZlZCIgbmFtZT0iUGF5bWVudCByZWNlaXZlZCI+CiAgICAgIDxicG1uOmluY29taW5nPkZsb3dfMDJtNTFtaDwvYnBtbjppbmNvbWluZz4KICAgICAgPGJwbW46b3V0Z29pbmc+Rmxvd18wNWM0Ym94PC9icG1uOm91dGdvaW5nPgogICAgICA8YnBtbjptZXNzYWdlRXZlbnREZWZpbml0aW9uIGlkPSJNZXNzYWdlRXZlbnREZWZpbml0aW9uXzBianAwamsiIG1lc3NhZ2VSZWY9Ik1lc3NhZ2VfM21jcmJsNyIgLz4KICAgIDwvYnBtbjppbnRlcm1lZGlhdGVDYXRjaEV2ZW50PgogICAgPGJwbW46ZXhjbHVzaXZlR2F0ZXdheSBpZD0iY2hlY2stdmFsdWUiIG5hbWU9Ik9yZGVyIHZhbHVlPyIgZGVmYXVsdD0iRmxvd18xYmZ5dWhhIj4KICAgICAgPGJwbW46aW5jb21pbmc+Rmxvd18wNWM0Ym94PC9icG1uOmluY29taW5nPgogICAgICA8YnBtbjpvdXRnb2luZz5GbG93XzBjMDQ3aDI8L2JwbW46b3V0Z29pbmc+CiAgICAgIDxicG1uOm91dGdvaW5nPkZsb3dfMWJmeXVoYTwvYnBtbjpvdXRnb2luZz4KICAgIDwvYnBtbjpleGNsdXNpdmVHYXRld2F5PgogICAgPGJwbW46c2VxdWVuY2VGbG93IGlkPSJGbG93XzA1YzRib3giIHNvdXJjZVJlZj0icGF5bWVudC1yZWNlaXZlZCIgdGFyZ2V0UmVmPSJjaGVjay12YWx1ZSIgLz4KICAgIDxicG1uOnNlcnZpY2VUYXNrIGlkPSJzaGlwLXdpdGgtaW5zdXJhbmNlIiBuYW1lPSJTaGlwIHdpdGggaW5zdXJhbmNlIj4KICAgICAgPGJwbW46ZXh0ZW5zaW9uRWxlbWVudHM+CiAgICAgICAgPHplZWJlOnRhc2tEZWZpbml0aW9uIHR5cGU9InNoaXAtd2l0aC1pbnN1cmFuY2UiIC8+CiAgICAgIDwvYnBtbjpleHRlbnNpb25FbGVtZW50cz4KICAgICAgPGJwbW46aW5jb21pbmc+Rmxvd18wYzA0N2gyPC9icG1uOmluY29taW5nPgogICAgICA8YnBtbjpvdXRnb2luZz5GbG93XzF1YTQyY3k8L2JwbW46b3V0Z29pbmc+CiAgICA8L2JwbW46c2VydmljZVRhc2s+CiAgICA8YnBtbjpzZXF1ZW5jZUZsb3cgaWQ9IkZsb3dfMGMwNDdoMiIgc291cmNlUmVmPSJjaGVjay12YWx1ZSIgdGFyZ2V0UmVmPSJzaGlwLXdpdGgtaW5zdXJhbmNlIj4KICAgICAgPGJwbW46Y29uZGl0aW9uRXhwcmVzc2lvbiB4c2k6dHlwZT0iYnBtbjp0Rm9ybWFsRXhwcmVzc2lvbiI+PW9yZGVyVmFsdWUmZ3Q7PTEwMDwvYnBtbjpjb25kaXRpb25FeHByZXNzaW9uPgogICAgPC9icG1uOnNlcXVlbmNlRmxvdz4KICAgIDxicG1uOnNlcnZpY2VUYXNrIGlkPSJzaGlwLXdpdGhvdXQtaW5zdXJhbmNlIiBuYW1lPSJTaGlwIHdpdGhvdXQgaW5zdXJhbmNlIj4KICAgICAgPGJwbW46ZXh0ZW5zaW9uRWxlbWVudHM+CiAgICAgICAgPHplZWJlOnRhc2tEZWZpbml0aW9uIHR5cGU9InNoaXAtd2l0aG91dC1pbnN1cmFuY2UiIC8+CiAgICAgIDwvYnBtbjpleHRlbnNpb25FbGVtZW50cz4KICAgICAgPGJwbW46aW5jb21pbmc+Rmxvd18xYmZ5dWhhPC9icG1uOmluY29taW5nPgogICAgICA8YnBtbjpvdXRnb2luZz5GbG93XzBvMzRiZWE8L2JwbW46b3V0Z29pbmc+CiAgICA8L2JwbW46c2VydmljZVRhc2s+CiAgICA8YnBtbjpzZXF1ZW5jZUZsb3cgaWQ9IkZsb3dfMWJmeXVoYSIgbmFtZT0iJiM2MDsxMDAiIHNvdXJjZVJlZj0iY2hlY2stdmFsdWUiIHRhcmdldFJlZj0ic2hpcC13aXRob3V0LWluc3VyYW5jZSIgLz4KICAgIDxicG1uOmV4Y2x1c2l2ZUdhdGV3YXkgaWQ9IkdhdGV3YXlfMDlwYXVzOCI+CiAgICAgIDxicG1uOmluY29taW5nPkZsb3dfMXVhNDJjeTwvYnBtbjppbmNvbWluZz4KICAgICAgPGJwbW46aW5jb21pbmc+Rmxvd18wbzM0YmVhPC9icG1uOmluY29taW5nPgogICAgICA8YnBtbjpvdXRnb2luZz5GbG93XzBram0ybzY8L2JwbW46b3V0Z29pbmc+CiAgICA8L2JwbW46ZXhjbHVzaXZlR2F0ZXdheT4KICAgIDxicG1uOnNlcXVlbmNlRmxvdyBpZD0iRmxvd18xdWE0MmN5IiBzb3VyY2VSZWY9InNoaXAtd2l0aC1pbnN1cmFuY2UiIHRhcmdldFJlZj0iR2F0ZXdheV8wOXBhdXM4IiAvPgogICAgPGJwbW46c2VxdWVuY2VGbG93IGlkPSJGbG93XzBvMzRiZWEiIHNvdXJjZVJlZj0ic2hpcC13aXRob3V0LWluc3VyYW5jZSIgdGFyZ2V0UmVmPSJHYXRld2F5XzA5cGF1czgiIC8+CiAgICA8YnBtbjplbmRFdmVudCBpZD0iRXZlbnRfMDEwNzljcSIgbmFtZT0iT3JkZXIgZnVsZmlsbGVkIj4KICAgICAgPGJwbW46aW5jb21pbmc+Rmxvd18wa2ptMm82PC9icG1uOmluY29taW5nPgogICAgPC9icG1uOmVuZEV2ZW50PgogICAgPGJwbW46c2VxdWVuY2VGbG93IGlkPSJGbG93XzBram0ybzYiIHNvdXJjZVJlZj0iR2F0ZXdheV8wOXBhdXM4IiB0YXJnZXRSZWY9IkV2ZW50XzAxMDc5Y3EiIC8+CiAgICA8YnBtbjpzZXF1ZW5jZUZsb3cgaWQ9IkZsb3dfMDJmYnZ1biIgc291cmNlUmVmPSJvcmRlci1wbGFjZWQiIHRhcmdldFJlZj0icGFyc2Utb3JkZXItaXRlbXMiIC8+CiAgICA8YnBtbjpleGNsdXNpdmVHYXRld2F5IGlkPSJjaGVjay1hdmFpbGFiaWxpdHkiIG5hbWU9IkNoZWNrIGF2YWlsYWJpbGl0eSIgZGVmYXVsdD0iRmxvd18wOG1pdnI3Ij4KICAgICAgPGJwbW46aW5jb21pbmc+Rmxvd18wa2sxcG54PC9icG1uOmluY29taW5nPgogICAgICA8YnBtbjpvdXRnb2luZz5GbG93XzE2ZHJmNDQ8L2JwbW46b3V0Z29pbmc+CiAgICAgIDxicG1uOm91dGdvaW5nPkZsb3dfMDhtaXZyNzwvYnBtbjpvdXRnb2luZz4KICAgIDwvYnBtbjpleGNsdXNpdmVHYXRld2F5PgogICAgPGJwbW46c2VxdWVuY2VGbG93IGlkPSJGbG93XzBrazFwbngiIHNvdXJjZVJlZj0icGFyc2Utb3JkZXItaXRlbXMiIHRhcmdldFJlZj0iY2hlY2stYXZhaWxhYmlsaXR5IiAvPgogICAgPGJwbW46c2VxdWVuY2VGbG93IGlkPSJGbG93XzE2ZHJmNDQiIHNvdXJjZVJlZj0iY2hlY2stYXZhaWxhYmlsaXR5IiB0YXJnZXRSZWY9ImNhcnQtdXBkYXRlIj4KICAgICAgPGJwbW46Y29uZGl0aW9uRXhwcmVzc2lvbiB4c2k6dHlwZT0iYnBtbjp0Rm9ybWFsRXhwcmVzc2lvbiI+PXNvbWUgeCBpbiBpdGVtcyBzYXRpc2ZpZXMgeC5pblN0b2NrICZndDs9IHguaW5DYXJ0PC9icG1uOmNvbmRpdGlvbkV4cHJlc3Npb24+CiAgICA8L2JwbW46c2VxdWVuY2VGbG93PgogICAgPGJwbW46ZW5kRXZlbnQgaWQ9Im91dC1vZi1zdG9jayIgbmFtZT0iT3V0IG9mIHN0b2NrIj4KICAgICAgPGJwbW46aW5jb21pbmc+Rmxvd18wOG1pdnI3PC9icG1uOmluY29taW5nPgogICAgPC9icG1uOmVuZEV2ZW50PgogICAgPGJwbW46c2VxdWVuY2VGbG93IGlkPSJGbG93XzA4bWl2cjciIHNvdXJjZVJlZj0iY2hlY2stYXZhaWxhYmlsaXR5IiB0YXJnZXRSZWY9Im91dC1vZi1zdG9jayIgLz4KICAgIDxicG1uOnNlcnZpY2VUYXNrIGlkPSJpbml0aWF0ZS1wYXltZW50IiBuYW1lPSJJbml0aWF0ZSBQYXltZW50Ij4KICAgICAgPGJwbW46ZXh0ZW5zaW9uRWxlbWVudHM+CiAgICAgICAgPHplZWJlOnRhc2tEZWZpbml0aW9uIHR5cGU9ImluaXRpYXRlLXBheW1lbnQiIC8+CiAgICAgIDwvYnBtbjpleHRlbnNpb25FbGVtZW50cz4KICAgICAgPGJwbW46aW5jb21pbmc+Rmxvd18wM3pmbG5wPC9icG1uOmluY29taW5nPgogICAgICA8YnBtbjpvdXRnb2luZz5GbG93XzAybTUxbWg8L2JwbW46b3V0Z29pbmc+CiAgICA8L2JwbW46c2VydmljZVRhc2s+CiAgICA8YnBtbjpzZXF1ZW5jZUZsb3cgaWQ9IkZsb3dfMDJtNTFtaCIgc291cmNlUmVmPSJpbml0aWF0ZS1wYXltZW50IiB0YXJnZXRSZWY9InBheW1lbnQtcmVjZWl2ZWQiIC8+CiAgICA8YnBtbjpzZXJ2aWNlVGFzayBpZD0iY2FydC11cGRhdGUiIG5hbWU9IkNhcnQgVXBkYXRlIj4KICAgICAgPGJwbW46ZXh0ZW5zaW9uRWxlbWVudHM+CiAgICAgICAgPHplZWJlOnRhc2tEZWZpbml0aW9uIHR5cGU9ImNhcnQtdXBkYXRlIiAvPgogICAgICA8L2JwbW46ZXh0ZW5zaW9uRWxlbWVudHM+CiAgICAgIDxicG1uOmluY29taW5nPkZsb3dfMTZkcmY0NDwvYnBtbjppbmNvbWluZz4KICAgICAgPGJwbW46b3V0Z29pbmc+Rmxvd18wM3pmbG5wPC9icG1uOm91dGdvaW5nPgogICAgPC9icG1uOnNlcnZpY2VUYXNrPgogICAgPGJwbW46c2VxdWVuY2VGbG93IGlkPSJGbG93XzAzemZsbnAiIHNvdXJjZVJlZj0iY2FydC11cGRhdGUiIHRhcmdldFJlZj0iaW5pdGlhdGUtcGF5bWVudCIgLz4KICAgIDxicG1uOnNlcnZpY2VUYXNrIGlkPSJwYXJzZS1vcmRlci1pdGVtcyIgbmFtZT0iUGFyc2Ugb3JkZXIgaXRlbXMiPgogICAgICA8YnBtbjpleHRlbnNpb25FbGVtZW50cz4KICAgICAgICA8emVlYmU6dGFza0RlZmluaXRpb24gdHlwZT0icGFyc2Utb3JkZXItaXRlbXMiIC8+CiAgICAgIDwvYnBtbjpleHRlbnNpb25FbGVtZW50cz4KICAgICAgPGJwbW46aW5jb21pbmc+Rmxvd18wMmZidnVuPC9icG1uOmluY29taW5nPgogICAgICA8YnBtbjpvdXRnb2luZz5GbG93XzBrazFwbng8L2JwbW46b3V0Z29pbmc+CiAgICAgIDxicG1uOm11bHRpSW5zdGFuY2VMb29wQ2hhcmFjdGVyaXN0aWNzPgogICAgICAgIDxicG1uOmV4dGVuc2lvbkVsZW1lbnRzPgogICAgICAgICAgPHplZWJlOmxvb3BDaGFyYWN0ZXJpc3RpY3MgaW5wdXRDb2xsZWN0aW9uPSI9aXRlbXMiIGlucHV0RWxlbWVudD0iaXRlbSIgLz4KICAgICAgICA8L2JwbW46ZXh0ZW5zaW9uRWxlbWVudHM+CiAgICAgIDwvYnBtbjptdWx0aUluc3RhbmNlTG9vcENoYXJhY3RlcmlzdGljcz4KICAgIDwvYnBtbjpzZXJ2aWNlVGFzaz4KICA8L2JwbW46cHJvY2Vzcz4KICA8YnBtbjptZXNzYWdlIGlkPSJNZXNzYWdlXzNtY3JibDciIG5hbWU9InBheW1lbnQtcmVjZWl2ZWQiPgogICAgPGJwbW46ZXh0ZW5zaW9uRWxlbWVudHM+CiAgICAgIDx6ZWViZTpzdWJzY3JpcHRpb24gY29ycmVsYXRpb25LZXk9Ij1vcmRlcklkIiAvPgogICAgPC9icG1uOmV4dGVuc2lvbkVsZW1lbnRzPgogIDwvYnBtbjptZXNzYWdlPgogIDxicG1uZGk6QlBNTkRpYWdyYW0gaWQ9IkJQTU5EaWFncmFtXzEiPgogICAgPGJwbW5kaTpCUE1OUGxhbmUgaWQ9IkJQTU5QbGFuZV8xIiBicG1uRWxlbWVudD0ibXVsdGktaW5zdGFuY2UtcHJvY2VzcyI+CiAgICAgIDxicG1uZGk6QlBNTlNoYXBlIGlkPSJFdmVudF8wZ2Z5MWt6X2RpIiBicG1uRWxlbWVudD0ib3JkZXItcGxhY2VkIj4KICAgICAgICA8ZGM6Qm91bmRzIHg9IjE3MiIgeT0iMTIyIiB3aWR0aD0iMzYiIGhlaWdodD0iMzYiIC8+CiAgICAgICAgPGJwbW5kaTpCUE1OTGFiZWw+CiAgICAgICAgICA8ZGM6Qm91bmRzIHg9IjE1OCIgeT0iMTY1IiB3aWR0aD0iNjQiIGhlaWdodD0iMTQiIC8+CiAgICAgICAgPC9icG1uZGk6QlBNTkxhYmVsPgogICAgICA8L2JwbW5kaTpCUE1OU2hhcGU+CiAgICAgIDxicG1uZGk6QlBNTlNoYXBlIGlkPSJFdmVudF8xamJyajYzX2RpIiBicG1uRWxlbWVudD0icGF5bWVudC1yZWNlaXZlZCI+CiAgICAgICAgPGRjOkJvdW5kcyB4PSI4MjIiIHk9IjEyMiIgd2lkdGg9IjM2IiBoZWlnaHQ9IjM2IiAvPgogICAgICAgIDxicG1uZGk6QlBNTkxhYmVsPgogICAgICAgICAgPGRjOkJvdW5kcyB4PSI3OTYiIHk9IjE2NSIgd2lkdGg9Ijg5IiBoZWlnaHQ9IjE0IiAvPgogICAgICAgIDwvYnBtbmRpOkJQTU5MYWJlbD4KICAgICAgPC9icG1uZGk6QlBNTlNoYXBlPgogICAgICA8YnBtbmRpOkJQTU5TaGFwZSBpZD0iR2F0ZXdheV8xaGRkc29zX2RpIiBicG1uRWxlbWVudD0iY2hlY2stdmFsdWUiIGlzTWFya2VyVmlzaWJsZT0idHJ1ZSI+CiAgICAgICAgPGRjOkJvdW5kcyB4PSI4OTUiIHk9IjExNSIgd2lkdGg9IjUwIiBoZWlnaHQ9IjUwIiAvPgogICAgICAgIDxicG1uZGk6QlBNTkxhYmVsPgogICAgICAgICAgPGRjOkJvdW5kcyB4PSI4ODgiIHk9Ijg1IiB3aWR0aD0iNjQiIGhlaWdodD0iMTQiIC8+CiAgICAgICAgPC9icG1uZGk6QlBNTkxhYmVsPgogICAgICA8L2JwbW5kaTpCUE1OU2hhcGU+CiAgICAgIDxicG1uZGk6QlBNTlNoYXBlIGlkPSJBY3Rpdml0eV8xc2w2YWU5X2RpIiBicG1uRWxlbWVudD0ic2hpcC13aXRoLWluc3VyYW5jZSI+CiAgICAgICAgPGRjOkJvdW5kcyB4PSIxMDMwIiB5PSIxMDAiIHdpZHRoPSIxMDAiIGhlaWdodD0iODAiIC8+CiAgICAgICAgPGJwbW5kaTpCUE1OTGFiZWwgLz4KICAgICAgPC9icG1uZGk6QlBNTlNoYXBlPgogICAgICA8YnBtbmRpOkJQTU5TaGFwZSBpZD0iQWN0aXZpdHlfMGtuMzRhMV9kaSIgYnBtbkVsZW1lbnQ9InNoaXAtd2l0aG91dC1pbnN1cmFuY2UiPgogICAgICAgIDxkYzpCb3VuZHMgeD0iMTAzMCIgeT0iMjEwIiB3aWR0aD0iMTAwIiBoZWlnaHQ9IjgwIiAvPgogICAgICAgIDxicG1uZGk6QlBNTkxhYmVsIC8+CiAgICAgIDwvYnBtbmRpOkJQTU5TaGFwZT4KICAgICAgPGJwbW5kaTpCUE1OU2hhcGUgaWQ9IkdhdGV3YXlfMDlwYXVzOF9kaSIgYnBtbkVsZW1lbnQ9IkdhdGV3YXlfMDlwYXVzOCIgaXNNYXJrZXJWaXNpYmxlPSJ0cnVlIj4KICAgICAgICA8ZGM6Qm91bmRzIHg9IjEyMTUiIHk9IjExNSIgd2lkdGg9IjUwIiBoZWlnaHQ9IjUwIiAvPgogICAgICA8L2JwbW5kaTpCUE1OU2hhcGU+CiAgICAgIDxicG1uZGk6QlBNTlNoYXBlIGlkPSJFdmVudF8wMTA3OWNxX2RpIiBicG1uRWxlbWVudD0iRXZlbnRfMDEwNzljcSI+CiAgICAgICAgPGRjOkJvdW5kcyB4PSIxMzUyIiB5PSIxMjIiIHdpZHRoPSIzNiIgaGVpZ2h0PSIzNiIgLz4KICAgICAgICA8YnBtbmRpOkJQTU5MYWJlbD4KICAgICAgICAgIDxkYzpCb3VuZHMgeD0iMTMzNyIgeT0iMTY1IiB3aWR0aD0iNjYiIGhlaWdodD0iMTQiIC8+CiAgICAgICAgPC9icG1uZGk6QlBNTkxhYmVsPgogICAgICA8L2JwbW5kaTpCUE1OU2hhcGU+CiAgICAgIDxicG1uZGk6QlBNTlNoYXBlIGlkPSJHYXRld2F5XzB5dDRmYzNfZGkiIGJwbW5FbGVtZW50PSJjaGVjay1hdmFpbGFiaWxpdHkiIGlzTWFya2VyVmlzaWJsZT0idHJ1ZSI+CiAgICAgICAgPGRjOkJvdW5kcyB4PSI0MzUiIHk9IjExNSIgd2lkdGg9IjUwIiBoZWlnaHQ9IjUwIiAvPgogICAgICAgIDxicG1uZGk6QlBNTkxhYmVsPgogICAgICAgICAgPGRjOkJvdW5kcyB4PSI0MTkiIHk9Ijg1IiB3aWR0aD0iODUiIGhlaWdodD0iMTQiIC8+CiAgICAgICAgPC9icG1uZGk6QlBNTkxhYmVsPgogICAgICA8L2JwbW5kaTpCUE1OU2hhcGU+CiAgICAgIDxicG1uZGk6QlBNTlNoYXBlIGlkPSJFdmVudF8wYXU2MjV6X2RpIiBicG1uRWxlbWVudD0ib3V0LW9mLXN0b2NrIj4KICAgICAgICA8ZGM6Qm91bmRzIHg9IjEzNTIiIHk9IjI3MiIgd2lkdGg9IjM2IiBoZWlnaHQ9IjM2IiAvPgogICAgICAgIDxicG1uZGk6QlBNTkxhYmVsPgogICAgICAgICAgPGRjOkJvdW5kcyB4PSIxMzQyIiB5PSIzMTUiIHdpZHRoPSI1OSIgaGVpZ2h0PSIxNCIgLz4KICAgICAgICA8L2JwbW5kaTpCUE1OTGFiZWw+CiAgICAgIDwvYnBtbmRpOkJQTU5TaGFwZT4KICAgICAgPGJwbW5kaTpCUE1OU2hhcGUgaWQ9IkFjdGl2aXR5XzBxc2txenNfZGkiIGJwbW5FbGVtZW50PSJjYXJ0LXVwZGF0ZSI+CiAgICAgICAgPGRjOkJvdW5kcyB4PSI1MTAiIHk9IjEwMCIgd2lkdGg9IjEwMCIgaGVpZ2h0PSI4MCIgLz4KICAgICAgICA8YnBtbmRpOkJQTU5MYWJlbCAvPgogICAgICA8L2JwbW5kaTpCUE1OU2hhcGU+CiAgICAgIDxicG1uZGk6QlBNTlNoYXBlIGlkPSJBY3Rpdml0eV8xZzU2d2VzX2RpIiBicG1uRWxlbWVudD0iaW5pdGlhdGUtcGF5bWVudCI+CiAgICAgICAgPGRjOkJvdW5kcyB4PSI2NjAiIHk9IjEwMCIgd2lkdGg9IjEwMCIgaGVpZ2h0PSI4MCIgLz4KICAgICAgPC9icG1uZGk6QlBNTlNoYXBlPgogICAgICA8YnBtbmRpOkJQTU5TaGFwZSBpZD0iQWN0aXZpdHlfMDc1eTM4NV9kaSIgYnBtbkVsZW1lbnQ9InBhcnNlLW9yZGVyLWl0ZW1zIj4KICAgICAgICA8ZGM6Qm91bmRzIHg9IjI5MCIgeT0iMTAwIiB3aWR0aD0iMTAwIiBoZWlnaHQ9IjgwIiAvPgogICAgICA8L2JwbW5kaTpCUE1OU2hhcGU+CiAgICAgIDxicG1uZGk6QlBNTkVkZ2UgaWQ9IkZsb3dfMDVjNGJveF9kaSIgYnBtbkVsZW1lbnQ9IkZsb3dfMDVjNGJveCI+CiAgICAgICAgPGRpOndheXBvaW50IHg9Ijg1OCIgeT0iMTQwIiAvPgogICAgICAgIDxkaTp3YXlwb2ludCB4PSI4OTUiIHk9IjE0MCIgLz4KICAgICAgPC9icG1uZGk6QlBNTkVkZ2U+CiAgICAgIDxicG1uZGk6QlBNTkVkZ2UgaWQ9IkZsb3dfMGMwNDdoMl9kaSIgYnBtbkVsZW1lbnQ9IkZsb3dfMGMwNDdoMiI+CiAgICAgICAgPGRpOndheXBvaW50IHg9Ijk0NSIgeT0iMTQwIiAvPgogICAgICAgIDxkaTp3YXlwb2ludCB4PSIxMDMwIiB5PSIxNDAiIC8+CiAgICAgIDwvYnBtbmRpOkJQTU5FZGdlPgogICAgICA8YnBtbmRpOkJQTU5FZGdlIGlkPSJGbG93XzFiZnl1aGFfZGkiIGJwbW5FbGVtZW50PSJGbG93XzFiZnl1aGEiPgogICAgICAgIDxkaTp3YXlwb2ludCB4PSI5MjAiIHk9IjE2NSIgLz4KICAgICAgICA8ZGk6d2F5cG9pbnQgeD0iOTIwIiB5PSIyNTAiIC8+CiAgICAgICAgPGRpOndheXBvaW50IHg9IjEwMzAiIHk9IjI1MCIgLz4KICAgICAgICA8YnBtbmRpOkJQTU5MYWJlbD4KICAgICAgICAgIDxkYzpCb3VuZHMgeD0iOTIzIiB5PSIyMDUiIHdpZHRoPSIyNSIgaGVpZ2h0PSIxNCIgLz4KICAgICAgICA8L2JwbW5kaTpCUE1OTGFiZWw+CiAgICAgIDwvYnBtbmRpOkJQTU5FZGdlPgogICAgICA8YnBtbmRpOkJQTU5FZGdlIGlkPSJGbG93XzF1YTQyY3lfZGkiIGJwbW5FbGVtZW50PSJGbG93XzF1YTQyY3kiPgogICAgICAgIDxkaTp3YXlwb2ludCB4PSIxMTMwIiB5PSIxNDAiIC8+CiAgICAgICAgPGRpOndheXBvaW50IHg9IjEyMTUiIHk9IjE0MCIgLz4KICAgICAgPC9icG1uZGk6QlBNTkVkZ2U+CiAgICAgIDxicG1uZGk6QlBNTkVkZ2UgaWQ9IkZsb3dfMG8zNGJlYV9kaSIgYnBtbkVsZW1lbnQ9IkZsb3dfMG8zNGJlYSI+CiAgICAgICAgPGRpOndheXBvaW50IHg9IjExMzAiIHk9IjI1MCIgLz4KICAgICAgICA8ZGk6d2F5cG9pbnQgeD0iMTI0MCIgeT0iMjUwIiAvPgogICAgICAgIDxkaTp3YXlwb2ludCB4PSIxMjQwIiB5PSIxNjUiIC8+CiAgICAgIDwvYnBtbmRpOkJQTU5FZGdlPgogICAgICA8YnBtbmRpOkJQTU5FZGdlIGlkPSJGbG93XzBram0ybzZfZGkiIGJwbW5FbGVtZW50PSJGbG93XzBram0ybzYiPgogICAgICAgIDxkaTp3YXlwb2ludCB4PSIxMjY1IiB5PSIxNDAiIC8+CiAgICAgICAgPGRpOndheXBvaW50IHg9IjEzNTIiIHk9IjE0MCIgLz4KICAgICAgPC9icG1uZGk6QlBNTkVkZ2U+CiAgICAgIDxicG1uZGk6QlBNTkVkZ2UgaWQ9IkZsb3dfMDJmYnZ1bl9kaSIgYnBtbkVsZW1lbnQ9IkZsb3dfMDJmYnZ1biI+CiAgICAgICAgPGRpOndheXBvaW50IHg9IjIwOCIgeT0iMTQwIiAvPgogICAgICAgIDxkaTp3YXlwb2ludCB4PSIyOTAiIHk9IjE0MCIgLz4KICAgICAgPC9icG1uZGk6QlBNTkVkZ2U+CiAgICAgIDxicG1uZGk6QlBNTkVkZ2UgaWQ9IkZsb3dfMGtrMXBueF9kaSIgYnBtbkVsZW1lbnQ9IkZsb3dfMGtrMXBueCI+CiAgICAgICAgPGRpOndheXBvaW50IHg9IjM5MCIgeT0iMTQwIiAvPgogICAgICAgIDxkaTp3YXlwb2ludCB4PSI0MzUiIHk9IjE0MCIgLz4KICAgICAgPC9icG1uZGk6QlBNTkVkZ2U+CiAgICAgIDxicG1uZGk6QlBNTkVkZ2UgaWQ9IkZsb3dfMTZkcmY0NF9kaSIgYnBtbkVsZW1lbnQ9IkZsb3dfMTZkcmY0NCI+CiAgICAgICAgPGRpOndheXBvaW50IHg9IjQ4NSIgeT0iMTQwIiAvPgogICAgICAgIDxkaTp3YXlwb2ludCB4PSI1MTAiIHk9IjE0MCIgLz4KICAgICAgPC9icG1uZGk6QlBNTkVkZ2U+CiAgICAgIDxicG1uZGk6QlBNTkVkZ2UgaWQ9IkZsb3dfMDhtaXZyN19kaSIgYnBtbkVsZW1lbnQ9IkZsb3dfMDhtaXZyNyI+CiAgICAgICAgPGRpOndheXBvaW50IHg9IjQ2MCIgeT0iMTY1IiAvPgogICAgICAgIDxkaTp3YXlwb2ludCB4PSI0NjAiIHk9IjMwMCIgLz4KICAgICAgICA8ZGk6d2F5cG9pbnQgeD0iMTM1NSIgeT0iMzAwIiAvPgogICAgICA8L2JwbW5kaTpCUE1ORWRnZT4KICAgICAgPGJwbW5kaTpCUE1ORWRnZSBpZD0iRmxvd18wM3pmbG5wX2RpIiBicG1uRWxlbWVudD0iRmxvd18wM3pmbG5wIj4KICAgICAgICA8ZGk6d2F5cG9pbnQgeD0iNjEwIiB5PSIxNDAiIC8+CiAgICAgICAgPGRpOndheXBvaW50IHg9IjY2MCIgeT0iMTQwIiAvPgogICAgICA8L2JwbW5kaTpCUE1ORWRnZT4KICAgICAgPGJwbW5kaTpCUE1ORWRnZSBpZD0iRmxvd18wMm01MW1oX2RpIiBicG1uRWxlbWVudD0iRmxvd18wMm01MW1oIj4KICAgICAgICA8ZGk6d2F5cG9pbnQgeD0iNzYwIiB5PSIxNDAiIC8+CiAgICAgICAgPGRpOndheXBvaW50IHg9IjgyMiIgeT0iMTQwIiAvPgogICAgICA8L2JwbW5kaTpCUE1ORWRnZT4KICAgIDwvYnBtbmRpOkJQTU5QbGFuZT4KICA8L2JwbW5kaTpCUE1ORGlhZ3JhbT4KPC9icG1uOmRlZmluaXRpb25zPgo=');

INSERT INTO instances(process_instance_key, process_definition_key, version, status, start_time)
VALUES(21, 823974, 1, 'ACTIVE', '2023-11-27T05:20:00Z');
INSERT INTO instances(process_instance_key, process_definition_key, version, status, start_time)
VALUES(22, 823974, 1, 'ACTIVE', '2023-11-27T06:00:00Z');

--------------------------------------------------------------------------------------------------------------

INSERT INTO processes(process_definition_key, bpmn_process_id, version, deployment_time)
VALUES(912375, 'order-main', 1, '2023-11-27T10:00:00Z');

INSERT INTO bpmn_resources(process_definition_key, bpmn_file)
VALUES(912375, 'PD94bWwgdmVyc2lvbj0iMS4wIiBlbmNvZGluZz0iVVRGLTgiPz4KPGJwbW46ZGVmaW5pdGlvbnMgeG1sbnM6YnBtbj0iaHR0cDovL3d3dy5vbWcub3JnL3NwZWMvQlBNTi8yMDEwMDUyNC9NT0RFTCIgeG1sbnM6YnBtbmRpPSJodHRwOi8vd3d3Lm9tZy5vcmcvc3BlYy9CUE1OLzIwMTAwNTI0L0RJIiB4bWxuczpkYz0iaHR0cDovL3d3dy5vbWcub3JnL3NwZWMvREQvMjAxMDA1MjQvREMiIHhtbG5zOnplZWJlPSJodHRwOi8vY2FtdW5kYS5vcmcvc2NoZW1hL3plZWJlLzEuMCIgeG1sbnM6ZGk9Imh0dHA6Ly93d3cub21nLm9yZy9zcGVjL0RELzIwMTAwNTI0L0RJIiB4bWxuczp4c2k9Imh0dHA6Ly93d3cudzMub3JnLzIwMDEvWE1MU2NoZW1hLWluc3RhbmNlIiB4bWxuczptb2RlbGVyPSJodHRwOi8vY2FtdW5kYS5vcmcvc2NoZW1hL21vZGVsZXIvMS4wIiBpZD0iRGVmaW5pdGlvbnNfMXdoODN4eiIgdGFyZ2V0TmFtZXNwYWNlPSJodHRwOi8vYnBtbi5pby9zY2hlbWEvYnBtbiIgZXhwb3J0ZXI9IkNhbXVuZGEgTW9kZWxlciIgZXhwb3J0ZXJWZXJzaW9uPSI1LjEzLjAiIG1vZGVsZXI6ZXhlY3V0aW9uUGxhdGZvcm09IkNhbXVuZGEgQ2xvdWQiIG1vZGVsZXI6ZXhlY3V0aW9uUGxhdGZvcm1WZXJzaW9uPSI4LjIuMCI+CiAgPGJwbW46bWVzc2FnZSBpZD0iTWVzc2FnZV8wbnRuaGs1IiBuYW1lPSJvcmRlci1jYW5jZWxlZCI+CiAgICA8YnBtbjpleHRlbnNpb25FbGVtZW50cz4KICAgICAgPHplZWJlOnN1YnNjcmlwdGlvbiBjb3JyZWxhdGlvbktleT0iPW9yZGVySWQiIC8+CiAgICA8L2JwbW46ZXh0ZW5zaW9uRWxlbWVudHM+CiAgPC9icG1uOm1lc3NhZ2U+CiAgPGJwbW46cHJvY2VzcyBpZD0ib3JkZXItbWFpbiIgaXNFeGVjdXRhYmxlPSJ0cnVlIj4KICAgIDxicG1uOmVuZEV2ZW50IGlkPSJFdmVudF8wcnpraHBoIiBuYW1lPSJOb3RpZnkgdXNlciI+CiAgICAgIDxicG1uOmluY29taW5nPkZsb3dfMHR0Z29qMTwvYnBtbjppbmNvbWluZz4KICAgIDwvYnBtbjplbmRFdmVudD4KICAgIDxicG1uOnN0YXJ0RXZlbnQgaWQ9IkV2ZW50XzBuaTJ3aWUiIG5hbWU9Ik9yZGVyIHJlY2VpdmVkIj4KICAgICAgPGJwbW46b3V0Z29pbmc+Rmxvd18xN2JpNjBxPC9icG1uOm91dGdvaW5nPgogICAgPC9icG1uOnN0YXJ0RXZlbnQ+CiAgICA8YnBtbjpzZXJ2aWNlVGFzayBpZD0ic2hpcC1wYXJjZWwiIG5hbWU9IlNoaXAgUGFyY2VsIj4KICAgICAgPGJwbW46ZXh0ZW5zaW9uRWxlbWVudHM+CiAgICAgICAgPHplZWJlOnRhc2tEZWZpbml0aW9uIHR5cGU9InNoaXAtcGFyY2VsIiAvPgogICAgICA8L2JwbW46ZXh0ZW5zaW9uRWxlbWVudHM+CiAgICAgIDxicG1uOmluY29taW5nPkZsb3dfMWF3cDFuYjwvYnBtbjppbmNvbWluZz4KICAgICAgPGJwbW46b3V0Z29pbmc+Rmxvd18wcGg0a2tqPC9icG1uOm91dGdvaW5nPgogICAgPC9icG1uOnNlcnZpY2VUYXNrPgogICAgPGJwbW46ZW5kRXZlbnQgaWQ9IkV2ZW50XzA2YXdzcmQiIG5hbWU9Ik9yZGVyIHNlbnQiPgogICAgICA8YnBtbjppbmNvbWluZz5GbG93XzBwaDRra2o8L2JwbW46aW5jb21pbmc+CiAgICA8L2JwbW46ZW5kRXZlbnQ+CiAgICA8YnBtbjpzZXF1ZW5jZUZsb3cgaWQ9IkZsb3dfMHBoNGtraiIgc291cmNlUmVmPSJzaGlwLXBhcmNlbCIgdGFyZ2V0UmVmPSJFdmVudF8wNmF3c3JkIiAvPgogICAgPGJwbW46Y2FsbEFjdGl2aXR5IGlkPSJBY3Rpdml0eV8wdzZ1MnA5IiBuYW1lPSJQcm9jZXNzaW5nIG9yZGVyIj4KICAgICAgPGJwbW46ZXh0ZW5zaW9uRWxlbWVudHM+CiAgICAgICAgPHplZWJlOmNhbGxlZEVsZW1lbnQgcHJvY2Vzc0lkPSJvcmRlci1zdWJwcm9jZXNzIiBwcm9wYWdhdGVBbGxDaGlsZFZhcmlhYmxlcz0iZmFsc2UiIC8+CiAgICAgIDwvYnBtbjpleHRlbnNpb25FbGVtZW50cz4KICAgICAgPGJwbW46aW5jb21pbmc+Rmxvd18xN2JpNjBxPC9icG1uOmluY29taW5nPgogICAgICA8YnBtbjpvdXRnb2luZz5GbG93XzFhd3AxbmI8L2JwbW46b3V0Z29pbmc+CiAgICA8L2JwbW46Y2FsbEFjdGl2aXR5PgogICAgPGJwbW46c2VxdWVuY2VGbG93IGlkPSJGbG93XzE3Ymk2MHEiIHNvdXJjZVJlZj0iRXZlbnRfMG5pMndpZSIgdGFyZ2V0UmVmPSJBY3Rpdml0eV8wdzZ1MnA5IiAvPgogICAgPGJwbW46Ym91bmRhcnlFdmVudCBpZD0iRXZlbnRfMWpvbnFrZSIgbmFtZT0iT3JkZXIgY2FuY2VsZWQiIGF0dGFjaGVkVG9SZWY9IkFjdGl2aXR5XzB3NnUycDkiPgogICAgICA8YnBtbjpvdXRnb2luZz5GbG93XzB0dGdvajE8L2JwbW46b3V0Z29pbmc+CiAgICAgIDxicG1uOnRpbWVyRXZlbnREZWZpbml0aW9uIGlkPSJUaW1lckV2ZW50RGVmaW5pdGlvbl8wdWxuMDk4Ij4KICAgICAgICA8YnBtbjp0aW1lRHVyYXRpb24geHNpOnR5cGU9ImJwbW46dEZvcm1hbEV4cHJlc3Npb24iPlBUMTVTPC9icG1uOnRpbWVEdXJhdGlvbj4KICAgICAgPC9icG1uOnRpbWVyRXZlbnREZWZpbml0aW9uPgogICAgPC9icG1uOmJvdW5kYXJ5RXZlbnQ+CiAgICA8YnBtbjpzZXF1ZW5jZUZsb3cgaWQ9IkZsb3dfMHR0Z29qMSIgbmFtZT0iIiBzb3VyY2VSZWY9IkV2ZW50XzFqb25xa2UiIHRhcmdldFJlZj0iRXZlbnRfMHJ6a2hwaCIgLz4KICAgIDxicG1uOnNlcXVlbmNlRmxvdyBpZD0iRmxvd18xYXdwMW5iIiBzb3VyY2VSZWY9IkFjdGl2aXR5XzB3NnUycDkiIHRhcmdldFJlZj0ic2hpcC1wYXJjZWwiIC8+CiAgPC9icG1uOnByb2Nlc3M+CiAgPGJwbW5kaTpCUE1ORGlhZ3JhbSBpZD0iQlBNTkRpYWdyYW1fMSI+CiAgICA8YnBtbmRpOkJQTU5QbGFuZSBpZD0iQlBNTlBsYW5lXzEiIGJwbW5FbGVtZW50PSJvcmRlci1tYWluIj4KICAgICAgPGJwbW5kaTpCUE1OU2hhcGUgaWQ9IkJQTU5TaGFwZV8xaDR6aDQ3IiBicG1uRWxlbWVudD0iRXZlbnRfMHJ6a2hwaCI+CiAgICAgICAgPGRjOkJvdW5kcyB4PSI5NTIiIHk9IjI0MiIgd2lkdGg9IjM2IiBoZWlnaHQ9IjM2IiAvPgogICAgICAgIDxicG1uZGk6QlBNTkxhYmVsPgogICAgICAgICAgPGRjOkJvdW5kcyB4PSI5NDQiIHk9IjI4NSIgd2lkdGg9IjUzIiBoZWlnaHQ9IjE0IiAvPgogICAgICAgIDwvYnBtbmRpOkJQTU5MYWJlbD4KICAgICAgPC9icG1uZGk6QlBNTlNoYXBlPgogICAgICA8YnBtbmRpOkJQTU5TaGFwZSBpZD0iQlBNTlNoYXBlXzA3NjE0ZXYiIGJwbW5FbGVtZW50PSJFdmVudF8wbmkyd2llIj4KICAgICAgICA8ZGM6Qm91bmRzIHg9IjE3MiIgeT0iMTAyIiB3aWR0aD0iMzYiIGhlaWdodD0iMzYiIC8+CiAgICAgICAgPGJwbW5kaTpCUE1OTGFiZWw+CiAgICAgICAgICA8ZGM6Qm91bmRzIHg9IjE1NCIgeT0iMTQ1IiB3aWR0aD0iNzMiIGhlaWdodD0iMTQiIC8+CiAgICAgICAgPC9icG1uZGk6QlBNTkxhYmVsPgogICAgICA8L2JwbW5kaTpCUE1OU2hhcGU+CiAgICAgIDxicG1uZGk6QlBNTlNoYXBlIGlkPSJCUE1OU2hhcGVfMDl3aW4ydiIgYnBtbkVsZW1lbnQ9InNoaXAtcGFyY2VsIj4KICAgICAgICA8ZGM6Qm91bmRzIHg9Ijc4MCIgeT0iODAiIHdpZHRoPSIxMDAiIGhlaWdodD0iODAiIC8+CiAgICAgICAgPGJwbW5kaTpCUE1OTGFiZWwgLz4KICAgICAgPC9icG1uZGk6QlBNTlNoYXBlPgogICAgICA8YnBtbmRpOkJQTU5TaGFwZSBpZD0iQlBNTlNoYXBlXzFidGo2eDkiIGJwbW5FbGVtZW50PSJFdmVudF8wNmF3c3JkIj4KICAgICAgICA8ZGM6Qm91bmRzIHg9Ijk1MiIgeT0iMTAyIiB3aWR0aD0iMzYiIGhlaWdodD0iMzYiIC8+CiAgICAgICAgPGJwbW5kaTpCUE1OTGFiZWw+CiAgICAgICAgICA8ZGM6Qm91bmRzIHg9Ijk0NCIgeT0iMTQ1IiB3aWR0aD0iNTIiIGhlaWdodD0iMTQiIC8+CiAgICAgICAgPC9icG1uZGk6QlBNTkxhYmVsPgogICAgICA8L2JwbW5kaTpCUE1OU2hhcGU+CiAgICAgIDxicG1uZGk6QlBNTlNoYXBlIGlkPSJBY3Rpdml0eV8wdzZ1MnA5X2RpIiBicG1uRWxlbWVudD0iQWN0aXZpdHlfMHc2dTJwOSI+CiAgICAgICAgPGRjOkJvdW5kcyB4PSI1MjAiIHk9IjgwIiB3aWR0aD0iMTAwIiBoZWlnaHQ9IjgwIiAvPgogICAgICAgIDxicG1uZGk6QlBNTkxhYmVsIC8+CiAgICAgIDwvYnBtbmRpOkJQTU5TaGFwZT4KICAgICAgPGJwbW5kaTpCUE1OU2hhcGUgaWQ9IkJQTU5TaGFwZV8xcjM2czkzIiBicG1uRWxlbWVudD0iRXZlbnRfMWpvbnFrZSI+CiAgICAgICAgPGRjOkJvdW5kcyB4PSI2MDIiIHk9IjE0MiIgd2lkdGg9IjM2IiBoZWlnaHQ9IjM2IiAvPgogICAgICAgIDxicG1uZGk6QlBNTkxhYmVsPgogICAgICAgICAgPGRjOkJvdW5kcyB4PSI2NDgiIHk9IjE1MyIgd2lkdGg9Ijc2IiBoZWlnaHQ9IjE0IiAvPgogICAgICAgIDwvYnBtbmRpOkJQTU5MYWJlbD4KICAgICAgPC9icG1uZGk6QlBNTlNoYXBlPgogICAgICA8YnBtbmRpOkJQTU5FZGdlIGlkPSJCUE1ORWRnZV8wZjU4c2J4IiBicG1uRWxlbWVudD0iRmxvd18wcGg0a2tqIj4KICAgICAgICA8ZGk6d2F5cG9pbnQgeD0iODgwIiB5PSIxMjAiIC8+CiAgICAgICAgPGRpOndheXBvaW50IHg9Ijk1MiIgeT0iMTIwIiAvPgogICAgICA8L2JwbW5kaTpCUE1ORWRnZT4KICAgICAgPGJwbW5kaTpCUE1ORWRnZSBpZD0iRmxvd18xN2JpNjBxX2RpIiBicG1uRWxlbWVudD0iRmxvd18xN2JpNjBxIj4KICAgICAgICA8ZGk6d2F5cG9pbnQgeD0iMjA4IiB5PSIxMjAiIC8+CiAgICAgICAgPGRpOndheXBvaW50IHg9IjUyMCIgeT0iMTIwIiAvPgogICAgICA8L2JwbW5kaTpCUE1ORWRnZT4KICAgICAgPGJwbW5kaTpCUE1ORWRnZSBpZD0iQlBNTkVkZ2VfMTJ3bGt2byIgYnBtbkVsZW1lbnQ9IkZsb3dfMHR0Z29qMSI+CiAgICAgICAgPGRpOndheXBvaW50IHg9IjYyMCIgeT0iMTc4IiAvPgogICAgICAgIDxkaTp3YXlwb2ludCB4PSI2MjAiIHk9IjI2MCIgLz4KICAgICAgICA8ZGk6d2F5cG9pbnQgeD0iOTUyIiB5PSIyNjAiIC8+CiAgICAgICAgPGJwbW5kaTpCUE1OTGFiZWw+CiAgICAgICAgICA8ZGM6Qm91bmRzIHg9IjM2IiB5PSI0NTYiIHdpZHRoPSI3OCIgaGVpZ2h0PSIxNCIgLz4KICAgICAgICA8L2JwbW5kaTpCUE1OTGFiZWw+CiAgICAgIDwvYnBtbmRpOkJQTU5FZGdlPgogICAgICA8YnBtbmRpOkJQTU5FZGdlIGlkPSJGbG93XzFhd3AxbmJfZGkiIGJwbW5FbGVtZW50PSJGbG93XzFhd3AxbmIiPgogICAgICAgIDxkaTp3YXlwb2ludCB4PSI2MjAiIHk9IjEyMCIgLz4KICAgICAgICA8ZGk6d2F5cG9pbnQgeD0iNzgwIiB5PSIxMjAiIC8+CiAgICAgIDwvYnBtbmRpOkJQTU5FZGdlPgogICAgPC9icG1uZGk6QlBNTlBsYW5lPgogIDwvYnBtbmRpOkJQTU5EaWFncmFtPgo8L2JwbW46ZGVmaW5pdGlvbnM+Cg==');

INSERT INTO instances(process_instance_key, process_definition_key, version, status, start_time)
VALUES(31, 912375, 1, 'ACTIVE', '2023-11-27T11:00:00Z');
INSERT INTO instances(process_instance_key, process_definition_key, version, status, start_time, end_time)
VALUES(32, 912375, 1, 'COMPLETED', '2023-11-27T11:30:00Z', '2023-11-27T12:45:10Z');

--------------------------------------------------------------------------------------------------------------

INSERT INTO processes(process_definition_key, bpmn_process_id, version, deployment_time)
VALUES(409187, 'order-subprocess', 1, '2023-11-27T15:00:00Z');

INSERT INTO bpmn_resources(process_definition_key, bpmn_file)
VALUES(409187, 'PD94bWwgdmVyc2lvbj0iMS4wIiBlbmNvZGluZz0iVVRGLTgiPz4KPGJwbW46ZGVmaW5pdGlvbnMgeG1sbnM6YnBtbj0iaHR0cDovL3d3dy5vbWcub3JnL3NwZWMvQlBNTi8yMDEwMDUyNC9NT0RFTCIgeG1sbnM6YnBtbmRpPSJodHRwOi8vd3d3Lm9tZy5vcmcvc3BlYy9CUE1OLzIwMTAwNTI0L0RJIiB4bWxuczpkYz0iaHR0cDovL3d3dy5vbWcub3JnL3NwZWMvREQvMjAxMDA1MjQvREMiIHhtbG5zOnplZWJlPSJodHRwOi8vY2FtdW5kYS5vcmcvc2NoZW1hL3plZWJlLzEuMCIgeG1sbnM6ZGk9Imh0dHA6Ly93d3cub21nLm9yZy9zcGVjL0RELzIwMTAwNTI0L0RJIiB4bWxuczptb2RlbGVyPSJodHRwOi8vY2FtdW5kYS5vcmcvc2NoZW1hL21vZGVsZXIvMS4wIiBpZD0iRGVmaW5pdGlvbnNfMHc5b2tsbSIgdGFyZ2V0TmFtZXNwYWNlPSJodHRwOi8vYnBtbi5pby9zY2hlbWEvYnBtbiIgZXhwb3J0ZXI9IkNhbXVuZGEgTW9kZWxlciIgZXhwb3J0ZXJWZXJzaW9uPSI1LjEzLjAiIG1vZGVsZXI6ZXhlY3V0aW9uUGxhdGZvcm09IkNhbXVuZGEgQ2xvdWQiIG1vZGVsZXI6ZXhlY3V0aW9uUGxhdGZvcm1WZXJzaW9uPSI4LjIuMCI+CiAgPGJwbW46cHJvY2VzcyBpZD0ib3JkZXItc3VicHJvY2VzcyIgbmFtZT0iUHJvY2Vzc2luZyBvcmRlciIgaXNFeGVjdXRhYmxlPSJ0cnVlIj4KICAgIDxicG1uOnNlcnZpY2VUYXNrIGlkPSJmZXRjaC1pdGVtcyIgbmFtZT0iRmV0Y2ggaXRlbXMiPgogICAgICA8YnBtbjpleHRlbnNpb25FbGVtZW50cz4KICAgICAgICA8emVlYmU6dGFza0RlZmluaXRpb24gdHlwZT0iZmV0Y2gtaXRlbXMiIC8+CiAgICAgIDwvYnBtbjpleHRlbnNpb25FbGVtZW50cz4KICAgICAgPGJwbW46aW5jb21pbmc+Rmxvd18wdmEwdGF2PC9icG1uOmluY29taW5nPgogICAgICA8YnBtbjpvdXRnb2luZz5GbG93XzFsNHdnMjI8L2JwbW46b3V0Z29pbmc+CiAgICA8L2JwbW46c2VydmljZVRhc2s+CiAgICA8YnBtbjplbmRFdmVudCBpZD0iRXZlbnRfMTdzamQxOSI+CiAgICAgIDxicG1uOmluY29taW5nPkZsb3dfMWw0d2cyMjwvYnBtbjppbmNvbWluZz4KICAgIDwvYnBtbjplbmRFdmVudD4KICAgIDxicG1uOnNlcnZpY2VUYXNrIGlkPSJjb2xsZWN0LW1vbmV5IiBuYW1lPSJDb2xsZWN0IG1vbmV5Ij4KICAgICAgPGJwbW46ZXh0ZW5zaW9uRWxlbWVudHM+CiAgICAgICAgPHplZWJlOnRhc2tEZWZpbml0aW9uIHR5cGU9ImNvbGxlY3QtbW9uZXkiIC8+CiAgICAgIDwvYnBtbjpleHRlbnNpb25FbGVtZW50cz4KICAgICAgPGJwbW46aW5jb21pbmc+Rmxvd18wNGp2NnAzPC9icG1uOmluY29taW5nPgogICAgICA8YnBtbjpvdXRnb2luZz5GbG93XzB2YTB0YXY8L2JwbW46b3V0Z29pbmc+CiAgICA8L2JwbW46c2VydmljZVRhc2s+CiAgICA8YnBtbjpzdGFydEV2ZW50IGlkPSJFdmVudF8wc2RibXpsIj4KICAgICAgPGJwbW46b3V0Z29pbmc+Rmxvd18wNGp2NnAzPC9icG1uOm91dGdvaW5nPgogICAgPC9icG1uOnN0YXJ0RXZlbnQ+CiAgICA8YnBtbjpzZXF1ZW5jZUZsb3cgaWQ9IkZsb3dfMHZhMHRhdiIgc291cmNlUmVmPSJjb2xsZWN0LW1vbmV5IiB0YXJnZXRSZWY9ImZldGNoLWl0ZW1zIiAvPgogICAgPGJwbW46c2VxdWVuY2VGbG93IGlkPSJGbG93XzFsNHdnMjIiIHNvdXJjZVJlZj0iZmV0Y2gtaXRlbXMiIHRhcmdldFJlZj0iRXZlbnRfMTdzamQxOSIgLz4KICAgIDxicG1uOnNlcXVlbmNlRmxvdyBpZD0iRmxvd18wNGp2NnAzIiBzb3VyY2VSZWY9IkV2ZW50XzBzZGJtemwiIHRhcmdldFJlZj0iY29sbGVjdC1tb25leSIgLz4KICA8L2JwbW46cHJvY2Vzcz4KICA8YnBtbmRpOkJQTU5EaWFncmFtIGlkPSJCUE1ORGlhZ3JhbV8xIj4KICAgIDxicG1uZGk6QlBNTlBsYW5lIGlkPSJCUE1OUGxhbmVfMSIgYnBtbkVsZW1lbnQ9Im9yZGVyLXN1YnByb2Nlc3MiPgogICAgICA8YnBtbmRpOkJQTU5TaGFwZSBpZD0iQlBNTlNoYXBlXzFhMTBzMm8iIGJwbW5FbGVtZW50PSJmZXRjaC1pdGVtcyI+CiAgICAgICAgPGRjOkJvdW5kcyB4PSI0MzAiIHk9IjgwIiB3aWR0aD0iMTAwIiBoZWlnaHQ9IjgwIiAvPgogICAgICAgIDxicG1uZGk6QlBNTkxhYmVsIC8+CiAgICAgIDwvYnBtbmRpOkJQTU5TaGFwZT4KICAgICAgPGJwbW5kaTpCUE1OU2hhcGUgaWQ9IkJQTU5TaGFwZV8xZzJuZWtqIiBicG1uRWxlbWVudD0iRXZlbnRfMTdzamQxOSI+CiAgICAgICAgPGRjOkJvdW5kcyB4PSI1OTIiIHk9IjEwMiIgd2lkdGg9IjM2IiBoZWlnaHQ9IjM2IiAvPgogICAgICA8L2JwbW5kaTpCUE1OU2hhcGU+CiAgICAgIDxicG1uZGk6QlBNTlNoYXBlIGlkPSJCUE1OU2hhcGVfMHZzandmYyIgYnBtbkVsZW1lbnQ9ImNvbGxlY3QtbW9uZXkiPgogICAgICAgIDxkYzpCb3VuZHMgeD0iMjMwIiB5PSI4MCIgd2lkdGg9IjEwMCIgaGVpZ2h0PSI4MCIgLz4KICAgICAgICA8YnBtbmRpOkJQTU5MYWJlbCAvPgogICAgICA8L2JwbW5kaTpCUE1OU2hhcGU+CiAgICAgIDxicG1uZGk6QlBNTlNoYXBlIGlkPSJCUE1OU2hhcGVfMGtnN214NyIgYnBtbkVsZW1lbnQ9IkV2ZW50XzBzZGJtemwiPgogICAgICAgIDxkYzpCb3VuZHMgeD0iMTUyIiB5PSIxMDIiIHdpZHRoPSIzNiIgaGVpZ2h0PSIzNiIgLz4KICAgICAgPC9icG1uZGk6QlBNTlNoYXBlPgogICAgICA8YnBtbmRpOkJQTU5FZGdlIGlkPSJCUE1ORWRnZV8wN2k5NWNuIiBicG1uRWxlbWVudD0iRmxvd18wdmEwdGF2Ij4KICAgICAgICA8ZGk6d2F5cG9pbnQgeD0iMzMwIiB5PSIxMjAiIC8+CiAgICAgICAgPGRpOndheXBvaW50IHg9IjQzMCIgeT0iMTIwIiAvPgogICAgICA8L2JwbW5kaTpCUE1ORWRnZT4KICAgICAgPGJwbW5kaTpCUE1ORWRnZSBpZD0iQlBNTkVkZ2VfMDJkMTJ6YiIgYnBtbkVsZW1lbnQ9IkZsb3dfMWw0d2cyMiI+CiAgICAgICAgPGRpOndheXBvaW50IHg9IjUzMCIgeT0iMTIwIiAvPgogICAgICAgIDxkaTp3YXlwb2ludCB4PSI1OTIiIHk9IjEyMCIgLz4KICAgICAgPC9icG1uZGk6QlBNTkVkZ2U+CiAgICAgIDxicG1uZGk6QlBNTkVkZ2UgaWQ9IkJQTU5FZGdlXzBnYnJ5cDQiIGJwbW5FbGVtZW50PSJGbG93XzA0anY2cDMiPgogICAgICAgIDxkaTp3YXlwb2ludCB4PSIxODgiIHk9IjEyMCIgLz4KICAgICAgICA8ZGk6d2F5cG9pbnQgeD0iMjMwIiB5PSIxMjAiIC8+CiAgICAgIDwvYnBtbmRpOkJQTU5FZGdlPgogICAgPC9icG1uZGk6QlBNTlBsYW5lPgogIDwvYnBtbmRpOkJQTU5EaWFncmFtPgo8L2JwbW46ZGVmaW5pdGlvbnM+Cg==');

INSERT INTO instances(process_instance_key, process_definition_key, version, status, start_time, end_time)
VALUES(41, 409187, 1, 'COMPLETED', '2023-11-27T15:10:00Z', '2023-11-27T15:20:00Z');
INSERT INTO instances(process_instance_key, process_definition_key, version, status, start_time, end_time)
VALUES(42, 409187, 1, 'COMPLETED', '2023-11-27T15:45:00Z', '2023-11-27T15:46:00Z');
INSERT INTO instances(process_instance_key, process_definition_key, version, status, start_time, end_time)
VALUES(43, 409187, 1, 'TERMINATED', '2023-11-27T15:30:00Z', '2023-11-27T15:37:00Z');
INSERT INTO instances(process_instance_key, process_definition_key, version, status, start_time, end_time)
VALUES(44, 409187, 1, 'TERMINATED', '2023-11-27T16:00:00Z', '2023-11-27T16:35:00Z');

--------------------------------------------------------------------------------------------------------------

INSERT INTO processes(process_definition_key, bpmn_process_id, version, deployment_time)
VALUES(123456, 'money-loan', 2, '2023-11-27T15:10:00Z');

INSERT INTO bpmn_resources(process_definition_key, bpmn_file)
VALUES(123456, 'PD94bWwgdmVyc2lvbj0iMS4wIiBlbmNvZGluZz0iVVRGLTgiPz4KPGJwbW46ZGVmaW5pdGlvbnMgeG1sbnM6YnBtbj0iaHR0cDovL3d3dy5vbWcub3JnL3NwZWMvQlBNTi8yMDEwMDUyNC9NT0RFTCIgeG1sbnM6YnBtbmRpPSJodHRwOi8vd3d3Lm9tZy5vcmcvc3BlYy9CUE1OLzIwMTAwNTI0L0RJIiB4bWxuczpkYz0iaHR0cDovL3d3dy5vbWcub3JnL3NwZWMvREQvMjAxMDA1MjQvREMiIHhtbG5zOnhzaT0iaHR0cDovL3d3dy53My5vcmcvMjAwMS9YTUxTY2hlbWEtaW5zdGFuY2UiIHhtbG5zOmRpPSJodHRwOi8vd3d3Lm9tZy5vcmcvc3BlYy9ERC8yMDEwMDUyNC9ESSIgeG1sbnM6emVlYmU9Imh0dHA6Ly9jYW11bmRhLm9yZy9zY2hlbWEvemVlYmUvMS4wIiB4bWxuczptb2RlbGVyPSJodHRwOi8vY2FtdW5kYS5vcmcvc2NoZW1hL21vZGVsZXIvMS4wIiBpZD0iRGVmaW5pdGlvbnNfMGhtdnZqMCIgdGFyZ2V0TmFtZXNwYWNlPSJodHRwOi8vYnBtbi5pby9zY2hlbWEvYnBtbiIgZXhwb3J0ZXI9IkNhbXVuZGEgTW9kZWxlciIgZXhwb3J0ZXJWZXJzaW9uPSI1LjEzLjAiIG1vZGVsZXI6ZXhlY3V0aW9uUGxhdGZvcm09IkNhbXVuZGEgQ2xvdWQiIG1vZGVsZXI6ZXhlY3V0aW9uUGxhdGZvcm1WZXJzaW9uPSI4LjIuMCI+CiAgPGJwbW46cHJvY2VzcyBpZD0ibW9uZXktbG9hbiIgaXNFeGVjdXRhYmxlPSJ0cnVlIj4KICAgIDxicG1uOnN0YXJ0RXZlbnQgaWQ9IlN0YXJ0RXZlbnRfMSIgbmFtZT0iQnJvcyB3aXRob3V0IGNhc2giPgogICAgICA8YnBtbjpvdXRnb2luZz5GbG93XzAzZWkxYjQ8L2JwbW46b3V0Z29pbmc+CiAgICA8L2JwbW46c3RhcnRFdmVudD4KICAgIDxicG1uOmV4Y2x1c2l2ZUdhdGV3YXkgaWQ9IkdhdGV3YXlfMHd2ZW8wYiIgbmFtZT0iQ2hlY2sgY3JlZGl0IiBkZWZhdWx0PSJGbG93XzBrd2s2Y2giPgogICAgICA8YnBtbjppbmNvbWluZz5GbG93XzAzZWkxYjQ8L2JwbW46aW5jb21pbmc+CiAgICAgIDxicG1uOm91dGdvaW5nPkZsb3dfMGt3azZjaDwvYnBtbjpvdXRnb2luZz4KICAgICAgPGJwbW46b3V0Z29pbmc+Rmxvd18xc3czZ3B0PC9icG1uOm91dGdvaW5nPgogICAgPC9icG1uOmV4Y2x1c2l2ZUdhdGV3YXk+CiAgICA8YnBtbjplbmRFdmVudCBpZD0iRXZlbnRfMTlmajN5OSIgbmFtZT0iRW5kIj4KICAgICAgPGJwbW46aW5jb21pbmc+Rmxvd18xZTB6NHZjPC9icG1uOmluY29taW5nPgogICAgICA8YnBtbjppbmNvbWluZz5GbG93XzAybGtkdjQ8L2JwbW46aW5jb21pbmc+CiAgICA8L2JwbW46ZW5kRXZlbnQ+CiAgICA8YnBtbjpzZXJ2aWNlVGFzayBpZD0ic2VuZC1hY2NlcHRhbmNlLWxldHRlciIgbmFtZT0iU2VuZCBhY2NlcHRhbmNlIGxldHRlciI+CiAgICAgIDxicG1uOmV4dGVuc2lvbkVsZW1lbnRzPgogICAgICAgIDx6ZWViZTp0YXNrRGVmaW5pdGlvbiB0eXBlPSJzZW5kLWFjY2VwdGFuY2UtbGV0dGVyIiAvPgogICAgICA8L2JwbW46ZXh0ZW5zaW9uRWxlbWVudHM+CiAgICAgIDxicG1uOmluY29taW5nPkZsb3dfMGt3azZjaDwvYnBtbjppbmNvbWluZz4KICAgICAgPGJwbW46b3V0Z29pbmc+Rmxvd18xYnR3M3JuPC9icG1uOm91dGdvaW5nPgogICAgPC9icG1uOnNlcnZpY2VUYXNrPgogICAgPGJwbW46c2VydmljZVRhc2sgaWQ9InRyYW5zZmVyLW1vbmV5IiBuYW1lPSJUcmFuc2ZlciBtb25leSI+CiAgICAgIDxicG1uOmV4dGVuc2lvbkVsZW1lbnRzPgogICAgICAgIDx6ZWViZTp0YXNrRGVmaW5pdGlvbiB0eXBlPSJ0cmFuc2Zlci1tb25leSIgLz4KICAgICAgPC9icG1uOmV4dGVuc2lvbkVsZW1lbnRzPgogICAgICA8YnBtbjppbmNvbWluZz5GbG93XzFidHczcm48L2JwbW46aW5jb21pbmc+CiAgICAgIDxicG1uOm91dGdvaW5nPkZsb3dfMWUwejR2YzwvYnBtbjpvdXRnb2luZz4KICAgIDwvYnBtbjpzZXJ2aWNlVGFzaz4KICAgIDxicG1uOnNlcnZpY2VUYXNrIGlkPSJzZW5kLXJlamVjdGlvbi1sZXR0ZXIiIG5hbWU9IlNlbmQgcmVqZWN0aW9uIGxldHRlciI+CiAgICAgIDxicG1uOmV4dGVuc2lvbkVsZW1lbnRzPgogICAgICAgIDx6ZWViZTp0YXNrRGVmaW5pdGlvbiB0eXBlPSJzZW5kLXJlamVjdGlvbi1sZXR0ZXIiIC8+CiAgICAgIDwvYnBtbjpleHRlbnNpb25FbGVtZW50cz4KICAgICAgPGJwbW46aW5jb21pbmc+Rmxvd18xc3czZ3B0PC9icG1uOmluY29taW5nPgogICAgICA8YnBtbjppbmNvbWluZz5GbG93XzExNnU3YmI8L2JwbW46aW5jb21pbmc+CiAgICAgIDxicG1uOm91dGdvaW5nPkZsb3dfMXRkMnN3MTwvYnBtbjpvdXRnb2luZz4KICAgIDwvYnBtbjpzZXJ2aWNlVGFzaz4KICAgIDxicG1uOmV4Y2x1c2l2ZUdhdGV3YXkgaWQ9IkdhdGV3YXlfMDdqbGM5ayIgbmFtZT0iQ3VzdG9tZXIgcmVjZWl2ZSBsZXR0ZXI/IiBkZWZhdWx0PSJGbG93XzFtNjE4OTgiPgogICAgICA8YnBtbjppbmNvbWluZz5GbG93XzF0ZDJzdzE8L2JwbW46aW5jb21pbmc+CiAgICAgIDxicG1uOm91dGdvaW5nPkZsb3dfMDJsa2R2NDwvYnBtbjpvdXRnb2luZz4KICAgICAgPGJwbW46b3V0Z29pbmc+Rmxvd18xbTYxODk4PC9icG1uOm91dGdvaW5nPgogICAgPC9icG1uOmV4Y2x1c2l2ZUdhdGV3YXk+CiAgICA8YnBtbjppbnRlcm1lZGlhdGVDYXRjaEV2ZW50IGlkPSJFdmVudF8wOXZldzRtIiBuYW1lPSJXYWl0IDIgbWludXRlcyI+CiAgICAgIDxicG1uOmluY29taW5nPkZsb3dfMW02MTg5ODwvYnBtbjppbmNvbWluZz4KICAgICAgPGJwbW46b3V0Z29pbmc+Rmxvd18xMTZ1N2JiPC9icG1uOm91dGdvaW5nPgogICAgICA8YnBtbjp0aW1lckV2ZW50RGVmaW5pdGlvbiBpZD0iVGltZXJFdmVudERlZmluaXRpb25fMWsyeTNjZCI+CiAgICAgICAgPGJwbW46dGltZUR1cmF0aW9uIHhzaTp0eXBlPSJicG1uOnRGb3JtYWxFeHByZXNzaW9uIj5QVDEyMFM8L2JwbW46dGltZUR1cmF0aW9uPgogICAgICA8L2JwbW46dGltZXJFdmVudERlZmluaXRpb24+CiAgICA8L2JwbW46aW50ZXJtZWRpYXRlQ2F0Y2hFdmVudD4KICAgIDxicG1uOnNlcXVlbmNlRmxvdyBpZD0iRmxvd18wM2VpMWI0IiBzb3VyY2VSZWY9IlN0YXJ0RXZlbnRfMSIgdGFyZ2V0UmVmPSJHYXRld2F5XzB3dmVvMGIiIC8+CiAgICA8YnBtbjpzZXF1ZW5jZUZsb3cgaWQ9IkZsb3dfMGt3azZjaCIgc291cmNlUmVmPSJHYXRld2F5XzB3dmVvMGIiIHRhcmdldFJlZj0ic2VuZC1hY2NlcHRhbmNlLWxldHRlciIgLz4KICAgIDxicG1uOnNlcXVlbmNlRmxvdyBpZD0iRmxvd18xc3czZ3B0IiBzb3VyY2VSZWY9IkdhdGV3YXlfMHd2ZW8wYiIgdGFyZ2V0UmVmPSJzZW5kLXJlamVjdGlvbi1sZXR0ZXIiPgogICAgICA8YnBtbjpjb25kaXRpb25FeHByZXNzaW9uIHhzaTp0eXBlPSJicG1uOnRGb3JtYWxFeHByZXNzaW9uIj49ZGVidCAmZ3Q7IDEwMDA8L2JwbW46Y29uZGl0aW9uRXhwcmVzc2lvbj4KICAgIDwvYnBtbjpzZXF1ZW5jZUZsb3c+CiAgICA8YnBtbjpzZXF1ZW5jZUZsb3cgaWQ9IkZsb3dfMWUwejR2YyIgc291cmNlUmVmPSJ0cmFuc2Zlci1tb25leSIgdGFyZ2V0UmVmPSJFdmVudF8xOWZqM3k5IiAvPgogICAgPGJwbW46c2VxdWVuY2VGbG93IGlkPSJGbG93XzAybGtkdjQiIHNvdXJjZVJlZj0iR2F0ZXdheV8wN2psYzlrIiB0YXJnZXRSZWY9IkV2ZW50XzE5ZmozeTkiPgogICAgICA8YnBtbjpjb25kaXRpb25FeHByZXNzaW9uIHhzaTp0eXBlPSJicG1uOnRGb3JtYWxFeHByZXNzaW9uIj49cmVjZWl2ZWQgPSB0cnVlPC9icG1uOmNvbmRpdGlvbkV4cHJlc3Npb24+CiAgICA8L2JwbW46c2VxdWVuY2VGbG93PgogICAgPGJwbW46c2VxdWVuY2VGbG93IGlkPSJGbG93XzFidHczcm4iIHNvdXJjZVJlZj0ic2VuZC1hY2NlcHRhbmNlLWxldHRlciIgdGFyZ2V0UmVmPSJ0cmFuc2Zlci1tb25leSIgLz4KICAgIDxicG1uOnNlcXVlbmNlRmxvdyBpZD0iRmxvd18xMTZ1N2JiIiBzb3VyY2VSZWY9IkV2ZW50XzA5dmV3NG0iIHRhcmdldFJlZj0ic2VuZC1yZWplY3Rpb24tbGV0dGVyIiAvPgogICAgPGJwbW46c2VxdWVuY2VGbG93IGlkPSJGbG93XzFtNjE4OTgiIHNvdXJjZVJlZj0iR2F0ZXdheV8wN2psYzlrIiB0YXJnZXRSZWY9IkV2ZW50XzA5dmV3NG0iIC8+CiAgICA8YnBtbjpzZXF1ZW5jZUZsb3cgaWQ9IkZsb3dfMXRkMnN3MSIgc291cmNlUmVmPSJzZW5kLXJlamVjdGlvbi1sZXR0ZXIiIHRhcmdldFJlZj0iR2F0ZXdheV8wN2psYzlrIiAvPgogIDwvYnBtbjpwcm9jZXNzPgogIDxicG1uZGk6QlBNTkRpYWdyYW0gaWQ9IkJQTU5EaWFncmFtXzEiPgogICAgPGJwbW5kaTpCUE1OUGxhbmUgaWQ9IkJQTU5QbGFuZV8xIiBicG1uRWxlbWVudD0ibW9uZXktbG9hbiI+CiAgICAgIDxicG1uZGk6QlBNTlNoYXBlIGlkPSJCUE1OU2hhcGVfMHNrbHlyciIgYnBtbkVsZW1lbnQ9IlN0YXJ0RXZlbnRfMSI+CiAgICAgICAgPGRjOkJvdW5kcyB4PSIxNzIiIHk9IjE4MiIgd2lkdGg9IjM2IiBoZWlnaHQ9IjM2IiAvPgogICAgICAgIDxicG1uZGk6QlBNTkxhYmVsPgogICAgICAgICAgPGRjOkJvdW5kcyB4PSIxNTMiIHk9IjIyNSIgd2lkdGg9Ijc1IiBoZWlnaHQ9IjI3IiAvPgogICAgICAgIDwvYnBtbmRpOkJQTU5MYWJlbD4KICAgICAgPC9icG1uZGk6QlBNTlNoYXBlPgogICAgICA8YnBtbmRpOkJQTU5TaGFwZSBpZD0iQlBNTlNoYXBlXzAydmthbXgiIGJwbW5FbGVtZW50PSJHYXRld2F5XzB3dmVvMGIiIGlzTWFya2VyVmlzaWJsZT0idHJ1ZSI+CiAgICAgICAgPGRjOkJvdW5kcyB4PSIyOTUiIHk9IjE3NSIgd2lkdGg9IjUwIiBoZWlnaHQ9IjUwIiAvPgogICAgICAgIDxicG1uZGk6QlBNTkxhYmVsPgogICAgICAgICAgPGRjOkJvdW5kcyB4PSIzNTUiIHk9IjE5MyIgd2lkdGg9IjYyIiBoZWlnaHQ9IjE0IiAvPgogICAgICAgIDwvYnBtbmRpOkJQTU5MYWJlbD4KICAgICAgPC9icG1uZGk6QlBNTlNoYXBlPgogICAgICA8YnBtbmRpOkJQTU5TaGFwZSBpZD0iQlBNTlNoYXBlXzBtYTIwbzAiIGJwbW5FbGVtZW50PSJFdmVudF8xOWZqM3k5Ij4KICAgICAgICA8ZGM6Qm91bmRzIHg9Ijg5MiIgeT0iMTgyIiB3aWR0aD0iMzYiIGhlaWdodD0iMzYiIC8+CiAgICAgICAgPGJwbW5kaTpCUE1OTGFiZWw+CiAgICAgICAgICA8ZGM6Qm91bmRzIHg9Ijg2MiIgeT0iMTkzIiB3aWR0aD0iMjAiIGhlaWdodD0iMTQiIC8+CiAgICAgICAgPC9icG1uZGk6QlBNTkxhYmVsPgogICAgICA8L2JwbW5kaTpCUE1OU2hhcGU+CiAgICAgIDxicG1uZGk6QlBNTlNoYXBlIGlkPSJCUE1OU2hhcGVfMHZtZ3l5diIgYnBtbkVsZW1lbnQ9InNlbmQtYWNjZXB0YW5jZS1sZXR0ZXIiPgogICAgICAgIDxkYzpCb3VuZHMgeD0iNDUwIiB5PSI4MCIgd2lkdGg9IjEwMCIgaGVpZ2h0PSI4MCIgLz4KICAgICAgPC9icG1uZGk6QlBNTlNoYXBlPgogICAgICA8YnBtbmRpOkJQTU5TaGFwZSBpZD0iQlBNTlNoYXBlXzFhajIyYTciIGJwbW5FbGVtZW50PSJ0cmFuc2Zlci1tb25leSI+CiAgICAgICAgPGRjOkJvdW5kcyB4PSI2NjAiIHk9IjgwIiB3aWR0aD0iMTAwIiBoZWlnaHQ9IjgwIiAvPgogICAgICA8L2JwbW5kaTpCUE1OU2hhcGU+CiAgICAgIDxicG1uZGk6QlBNTlNoYXBlIGlkPSJCUE1OU2hhcGVfMTBndzM0NyIgYnBtbkVsZW1lbnQ9InNlbmQtcmVqZWN0aW9uLWxldHRlciI+CiAgICAgICAgPGRjOkJvdW5kcyB4PSI0NDAiIHk9IjI1MCIgd2lkdGg9IjEwMCIgaGVpZ2h0PSI4MCIgLz4KICAgICAgPC9icG1uZGk6QlBNTlNoYXBlPgogICAgICA8YnBtbmRpOkJQTU5TaGFwZSBpZD0iQlBNTlNoYXBlXzBrMW42aGYiIGJwbW5FbGVtZW50PSJFdmVudF8wOXZldzRtIj4KICAgICAgICA8ZGM6Qm91bmRzIHg9IjYxMiIgeT0iMzgyIiB3aWR0aD0iMzYiIGhlaWdodD0iMzYiIC8+CiAgICAgICAgPGJwbW5kaTpCUE1OTGFiZWw+CiAgICAgICAgICA8ZGM6Qm91bmRzIHg9IjU5NCIgeT0iNDI1IiB3aWR0aD0iNzMiIGhlaWdodD0iMTQiIC8+CiAgICAgICAgPC9icG1uZGk6QlBNTkxhYmVsPgogICAgICA8L2JwbW5kaTpCUE1OU2hhcGU+CiAgICAgIDxicG1uZGk6QlBNTlNoYXBlIGlkPSJCUE1OU2hhcGVfMGRzbWxjMSIgYnBtbkVsZW1lbnQ9IkdhdGV3YXlfMDdqbGM5ayIgaXNNYXJrZXJWaXNpYmxlPSJ0cnVlIj4KICAgICAgICA8ZGM6Qm91bmRzIHg9Ijc1NSIgeT0iMjY1IiB3aWR0aD0iNTAiIGhlaWdodD0iNTAiIC8+CiAgICAgICAgPGJwbW5kaTpCUE1OTGFiZWw+CiAgICAgICAgICA8ZGM6Qm91bmRzIHg9IjczNyIgeT0iMjM1IiB3aWR0aD0iODciIGhlaWdodD0iMjciIC8+CiAgICAgICAgPC9icG1uZGk6QlBNTkxhYmVsPgogICAgICA8L2JwbW5kaTpCUE1OU2hhcGU+CiAgICAgIDxicG1uZGk6QlBNTkVkZ2UgaWQ9IkJQTU5FZGdlXzBsbzNxY2EiIGJwbW5FbGVtZW50PSJGbG93XzAzZWkxYjQiPgogICAgICAgIDxkaTp3YXlwb2ludCB4PSIyMDgiIHk9IjIwMCIgLz4KICAgICAgICA8ZGk6d2F5cG9pbnQgeD0iMjk1IiB5PSIyMDAiIC8+CiAgICAgIDwvYnBtbmRpOkJQTU5FZGdlPgogICAgICA8YnBtbmRpOkJQTU5FZGdlIGlkPSJCUE1ORWRnZV8wZDBpemE0IiBicG1uRWxlbWVudD0iRmxvd18wa3drNmNoIj4KICAgICAgICA8ZGk6d2F5cG9pbnQgeD0iMzIwIiB5PSIxNzUiIC8+CiAgICAgICAgPGRpOndheXBvaW50IHg9IjMyMCIgeT0iMTIwIiAvPgogICAgICAgIDxkaTp3YXlwb2ludCB4PSI0NTAiIHk9IjEyMCIgLz4KICAgICAgPC9icG1uZGk6QlBNTkVkZ2U+CiAgICAgIDxicG1uZGk6QlBNTkVkZ2UgaWQ9IkJQTU5FZGdlXzF2YTN3MDgiIGJwbW5FbGVtZW50PSJGbG93XzFzdzNncHQiPgogICAgICAgIDxkaTp3YXlwb2ludCB4PSIzMjAiIHk9IjIyNSIgLz4KICAgICAgICA8ZGk6d2F5cG9pbnQgeD0iMzIwIiB5PSIyOTAiIC8+CiAgICAgICAgPGRpOndheXBvaW50IHg9IjQ0MCIgeT0iMjkwIiAvPgogICAgICA8L2JwbW5kaTpCUE1ORWRnZT4KICAgICAgPGJwbW5kaTpCUE1ORWRnZSBpZD0iQlBNTkVkZ2VfMGEycjNzOSIgYnBtbkVsZW1lbnQ9IkZsb3dfMWUwejR2YyI+CiAgICAgICAgPGRpOndheXBvaW50IHg9Ijc2MCIgeT0iMTIwIiAvPgogICAgICAgIDxkaTp3YXlwb2ludCB4PSI5MTAiIHk9IjEyMCIgLz4KICAgICAgICA8ZGk6d2F5cG9pbnQgeD0iOTEwIiB5PSIxODIiIC8+CiAgICAgIDwvYnBtbmRpOkJQTU5FZGdlPgogICAgICA8YnBtbmRpOkJQTU5FZGdlIGlkPSJCUE1ORWRnZV8xeW93MHAyIiBicG1uRWxlbWVudD0iRmxvd18wMmxrZHY0Ij4KICAgICAgICA8ZGk6d2F5cG9pbnQgeD0iODA1IiB5PSIyOTAiIC8+CiAgICAgICAgPGRpOndheXBvaW50IHg9IjkxMCIgeT0iMjkwIiAvPgogICAgICAgIDxkaTp3YXlwb2ludCB4PSI5MTAiIHk9IjIxOCIgLz4KICAgICAgPC9icG1uZGk6QlBNTkVkZ2U+CiAgICAgIDxicG1uZGk6QlBNTkVkZ2UgaWQ9IkJQTU5FZGdlXzFyNXh1ODEiIGJwbW5FbGVtZW50PSJGbG93XzFidHczcm4iPgogICAgICAgIDxkaTp3YXlwb2ludCB4PSI1NTAiIHk9IjEyMCIgLz4KICAgICAgICA8ZGk6d2F5cG9pbnQgeD0iNjYwIiB5PSIxMjAiIC8+CiAgICAgIDwvYnBtbmRpOkJQTU5FZGdlPgogICAgICA8YnBtbmRpOkJQTU5FZGdlIGlkPSJCUE1ORWRnZV8waHM2bmh5IiBicG1uRWxlbWVudD0iRmxvd18xMTZ1N2JiIj4KICAgICAgICA8ZGk6d2F5cG9pbnQgeD0iNjEyIiB5PSI0MDAiIC8+CiAgICAgICAgPGRpOndheXBvaW50IHg9IjQ5MCIgeT0iNDAwIiAvPgogICAgICAgIDxkaTp3YXlwb2ludCB4PSI0OTAiIHk9IjMzMCIgLz4KICAgICAgPC9icG1uZGk6QlBNTkVkZ2U+CiAgICAgIDxicG1uZGk6QlBNTkVkZ2UgaWQ9IkJQTU5FZGdlXzE2MWJnamQiIGJwbW5FbGVtZW50PSJGbG93XzFtNjE4OTgiPgogICAgICAgIDxkaTp3YXlwb2ludCB4PSI3ODAiIHk9IjMxNSIgLz4KICAgICAgICA8ZGk6d2F5cG9pbnQgeD0iNzgwIiB5PSI0MDAiIC8+CiAgICAgICAgPGRpOndheXBvaW50IHg9IjY0OCIgeT0iNDAwIiAvPgogICAgICA8L2JwbW5kaTpCUE1ORWRnZT4KICAgICAgPGJwbW5kaTpCUE1ORWRnZSBpZD0iRmxvd18xdGQyc3cxX2RpIiBicG1uRWxlbWVudD0iRmxvd18xdGQyc3cxIj4KICAgICAgICA8ZGk6d2F5cG9pbnQgeD0iNTQwIiB5PSIyOTAiIC8+CiAgICAgICAgPGRpOndheXBvaW50IHg9Ijc1NSIgeT0iMjkwIiAvPgogICAgICA8L2JwbW5kaTpCUE1ORWRnZT4KICAgIDwvYnBtbmRpOkJQTU5QbGFuZT4KICA8L2JwbW5kaTpCUE1ORGlhZ3JhbT4KPC9icG1uOmRlZmluaXRpb25zPgo=');
